Entered_By,QAQC_By,Region,Site,Plot_ID,Target_Species,No_Target_Whelks_In_Plot,No_Whelks_Added,Added_Whelk_IDs,Deploy_Date,Survey_Date,Days_Deployed,Weeks_Deployed,Survey_By,Recorded_By,Bare_Space,Whelk_Eggs,Acorn_Barnacle_Cover,Dead_Acorn_Barnacle_Cover,Gooseneck_Barnacle_Cover,Gooseneck_Barnacle_Count,Dead_Gooseneck_Barnacle_Cover,Dead_Gooseneck_Barnacle_Count,Drilled_Gooseneck_Barnacle_Count,Thatched_Barnacle_Semibalanus_spp,Volcano_Barnacle_T._rubescens,California_Mussel_M._californianus_Cover,California_Mussel_M._californianus_Count,Dead_M._californianus_Cover,Dead_M._californianus_Count,Drilled_M._californianus_Count,Adam's_Mussel_Brachidontes,Mediterranean_Mussel_M._galloprovincialis_Cover,Mediterranean_Mussel_M._galloprovincialis_Count,Dead_M._galloprovincialis_Cover,Dead_M._galloprovincialis_Count,Drilled_M._galloprovincialis_Count,"Bay_Mussel_
M._trossulus",Oyster,Tubeworm,Aggregating_Anemone_A._elegantissima,Sunburst_Anemone_A._sola,Brooding_Anemone_E._prolifera,Sandcastle_Worms_P._californica,Encrusting_bryozoan,Coralline_algae_Articulated,Coralline_algae_Encrusting,Wine_Crust_Hildenbrandia,Fleshy_Crust_Petrocelis,Brown_Crust_Ralfsia,Hornweed_Ceramium,Lawn_Algae_Chondracanthus,Sea_Potato_Colpomenia,Turfweed_Endocladia,Gelidium,Laurencia,Leathesia,Turkish_Washcloth_Mastocarpus,Mazzaella_leptorhyncos,Mazzaella_splendens,Petalonia,Porphyra,Sea_lettuce_Ulva_spp.,Surfgrass_Phyllospadix,Biofilm,Egregia menziesii,Colpomenia,Angled_Unicorn_Whelk_A._spirata_Cover,Angled_Unicorn_Whelk_A._spirata_Count,Dark_Unicorn_Whelk_M._lugubris_Cover,Dark_Unicorn_Whelk_M._lugubris_Count,Channeled_Whelk_N._canaliculata,Emarginate_Whelk_N._emarg_ost,Poulsons_Dwarf_Triton_R._poulsoni,Spotted_Thorn_Drupe_A._punctualta,Graceful_Rocksnail_O._gracillima,Lurid_Rocksnail_O._lurida,Fringed_Dogwhelk_N._lamellosa,Olive_Snail_Olivella,Periwinkle_Snails_Littorina_spp.,Turban_Snails_Tegula_sp.,Chitons,Limpets_Small_Lottia_spp.,Owl_Limpet_L._gigantea,Hermit_Crab_Pagurus_spp,Lined_Shore_Crab_Pachygrapsus,Purple_Crab_Hemigrapsus,Brittle_Star_Ophiuroid,Ochre_Star_Pisaster,Errant_Polychaete,Notes
RB,SS,SoCal,Dana Point,0 Whelk,M,0,0,NA,5/24/2023,5/24/2023,0,0,RB,KS,20,0,40,5,2,4,0,0,0,0,0,30,231,0,0,0,0,0,0,0,0,0,0,0,0,5,0,0,0,0,0,0,0.5,0,0,0,0,0,1,0,0,0,0,0,0,0,0,0,0,0,0,0,0,0,0,0,0,0,0,0,0,0,0,0,0.2,0,2,0.5,0,0,1,0,0,0,0,
RB,SS,SoCal,Dana Point,1 Whelk,M,1,1,200,5/24/2023,5/24/2023,0,0,RB,KS,20,0,40,8,0,0,0,0,0,0,0,35,250,0,0,0,0,0,0,0,0,0,0,0,0,4,0,0,0,0,0,0,0.2,0,0,0,0,0,0,0,0,0,0,0,0,0,0,0,0,0,0,0,0,0,1,1,0,0,0,0,0,0,0,0,0.1,0,3,0.7,0,0,0,0,0,0,0,
RB,SS,SoCal,Dana Point,6 Whelk,M,6,6,"307, 304, 308, 305, 303, 306",5/24/2023,5/24/2023,0,0,RB,RB,15,0,30,5,4,9,0,0,0,0,0,80,460,0,0,0,0,0,0,0,0,0,0,0,0,4,0,0,0,0,0,0,0,0,0,0,0,0,2,0,0,0,0,0,0,0,0,0,0,0,0,0,0,0,6,6,0,0,0,0,0,0,0,0,0.2,0,2,0.5,0,0,1,0,0,0,0,
RB,SS,SoCal,Dana Point,3 Whelk,M,3,3,"302, 301, 300",5/24/2023,5/24/2023,0,0,RB,RB,25,0,25,10,0,0,0,0,0,0,0,45,320,2,2,0,0.2,0,0,0,0,0,0,0,0,2,0,0,0,0,0,0,1,0,0,0,0,0,0,0,0,0,0,0,0,0,0,0,0,0,0,0,0,0,3,3,0,0,0,0,0,0,0,0,0.1,0,7,1,0,0,2,0,0,0,0,
RB,SS,SoCal,Dana Point,No Cage,M,0,0,NA,5/24/2023,5/24/2023,0,0,RB,RB,35,0,25,15,1,2,0,0,0,0,0,15,44,0,0,0,0.1,0,0,0,0,0,0,0,0,6,0,0,0,0,0,0,0.5,0,0,0,0,0,0,0,0,0,0,0,0,0,0,0,0,0,0,0,0,0,0,0,0,0,0,0,0,0,0,0,0.4,0,5,1,0,0,0,0,0,0,0,
RB,SS,SoCal,Dana Point,12 Whelk,M,12,12,"207, 242, 204, 202, 206, 309, 201, 203, 310, 312, 311, 205",5/24/2023,5/24/2023,0,0,RB,RB,5,0,40,10,0,0,0,0,0,0,0,40,301,0,0,0,0,0,0,0,0,0,0,0,0,4,0,0,0,0,0,0,3,0,0,0,0,0,2,0,0,0,0,0,0,0,0,0,0,0,0,0,0,0,10,12,0,0,0,0,0,0,0,0,0.2,0,2,0.5,0,0,0.5,0,0,0,0,Endocladia on chiton
RB,SS,SoCal,Dana Point,Partial,M,0,0,NA,5/24/2023,5/24/2023,0,0,RB,RB,15,0,15,5,3,4,0,0,0,0,0,45,251,1,1,0,0,0,0,0,0,0,0,0,0,20,0,0,0,0,0,0,2,0,0,0,0,0,0,0,0,0,0,0,0,0,0,0,0,0,0,0,0.5,1,0,0,0,0,0,0,0,0,0,0,0.3,0,2,1,0,0,3,0,0,0,0,
RB,SS,SoCal,Scripps,Partial,M,0,0,NA,5/29/2023,5/29/2023,0,0,RB,CT,50,0,15,15,0.5,1,0,0,0,0,0,19,98,0,0,0,0,0,0,0,0,0,0,0,0,5,0,0,0,0,0,0,0,0,0,0,0,0,1,0,0,0,0,0,0,0,0,0,0,0,0,0,0,0,0,0,0,0,0,0,0,0,0,0,7,0,0,5,2,0,0,0,0,0,0,Endocladia may be Caulacanthus
RB,SS,SoCal,Scripps,6 Whelk,M,6,6,"320, 315, 325, 324, 214, 209",5/29/2023,5/29/2023,0,0,RB,CT,55,0,10,5,1,3,0,0,0,0,0,12,37,0,0,0,1,0,0,0,0,0,0,0,0,20,0,0,0,0,0,0,0,0,0,0,0,0,0,0,0,0,0,0,0,0,0,0,0,0,0,0,0,0,6,6,0,0,0,0,0,0,0,0,2,0,1,0.5,0,0,0.5,0,0,0,0,
RB,SS,SoCal,Scripps,0 Whelk,M,0,0,NA,5/29/2023,5/29/2023,0,0,RB,CT,25,0,20,20,3,7,0,0,0,0,0,9,15,0,0,0,0.5,9,11,0,0,0,0,0,0,20,0,0,0,0,0,0,0,0,0,0,0,0,2,0,0,0,0,0,0,0,0,0,0,0,0,0,0,0,0,0,0,0,0,0,0,0,0,0,7,0,1,2,0,0,0,0,0,0,0,Endocladia may be Caulacanthus
RB,SS,SoCal,Scripps,12 Whelk,M,12,12,"213, 210, 208, 211, 318, 314, 316, 317, 326, 328, 327, 329",5/29/2023,5/29/2023,0,0,RB,CT,50,0,7,13,15,43,0,0,0,0,0,15,37,0,0,0,0,10,36,0,0,0,0,0,0,10,0,0,0,0,0,0,0,0,0,0,0,0,0,0,0,0,0,0,0,0,0,0,4,0,0,0,0,0,11,12,0,0,0,0,0,0,0,0,3,0,1,0.5,0,0,0,0,0,0,0,
RB,SS,SoCal,Scripps,3 Whelk,M,3,3,"323, 212, 321",5/29/2023,5/29/2023,0,0,RB,CT,25,0,9,11,0.5,1,0,0,0,0,0,12,28,0,0,0,0,5,12,0,0,0,0,0,0,45,0,0,0,0,0,0,0,0,0,0,0,0,0,0,0,0,0,0,0,0,0,0,0,0,0,0,0,0,3,3,0,0,0,0,0,0,0,0,2,0,1,3,0,0,0,0,0,0,0,
RB,SS,SoCal,Scripps,1 Whelk,M,1,1,322,5/29/2023,5/29/2023,0,0,RB,CT,40,0,25,15,0,0,0,0,0,0,0,0,0,0,0,0,1,4,13,0,0,0,0,0,0,4,0,0,0,0,0,0.4,0,0,0,0,0,0,0,0,0,0,0,0,0,0,0,0,0,0,0,0,0,0,1,1,0,0,0,0,0,0,0,0,9,0,1,4,0,0,0,0,0,0,0,
RB,SS,SoCal,Scripps,No Cage,M,0,0,NA,5/29/2023,5/29/2023,0,0,RB,CT,50,0,6,4,0.5,1,0,0,0,0,0,4,5,0,0,0,0.1,12,28,0,0,0,0,0,0,30,0,0,0,0,0,0,0,0,0,0,0,0,0,0,0,0,0,0,0,0,0,0,0,0,0,0,0,0,0,0,0,0,0,0,0,0,0,0,2,0,1,4,0,0,0,0,0,0,0,
RB,SS,SoCal,Dana Point,12 Whelk,M,9,3,332,5/24/2023,6/8/2023,15,2,RB,RB,5,0,25,20,0,0,0,0,0,0,0,38,256,1,2,1,0.5,0,0,0,0,0,0,0,0,3,0,0,0,0,0,0,0.5,0,0,0,0,0,0,0,0,0,0,0,0,0,0,0,0,0,0,0,0,0,11,9,0,0,0,0,0,0,0,0,2,0,6,0.5,0,0.5,2,0,0,0,0,"Added 1 new whelk (332), 2 original found nearby and recaged (202, 203)"
RB,SS,SoCal,Dana Point,No Cage,M,0,0,NA,5/24/2023,6/8/2023,15,2,RB,RB,40,0,25,15,2,2,0,0,0,0,0,15,43,0,0,0,1,0,0,0,0,0,0,0,0,8,0,0,0,0,0,0,1,0,0,0,0,0,0,0,0,0,0,0,0,0,0,0,0,0,0,0,0,0,0,0,0,0,0,0,0,0,0,0,2,0,3,0.6,0,0,0.3,0,0,0,0,
RB,SS,SoCal,Dana Point,Partial,M,0,0,NA,5/24/2023,6/8/2023,15,2,RB,RB,15,0,15,5,5,5,0,0,0,0,0,48,243,2,2,0,0,0,0,0,0,0,0,0,0,20,0,0,0,0,2,0,0,0,0,0,0,0,0,0,0,0,0,0,0,0,0,0,0,0,0,0,1,2,0,0,0,0,0,0,0,0,0,0,0.1,0,1,0.5,0,0.3,2,0,0,0,0,
RB,SS,SoCal,Dana Point,0 Whelk,M,0,0,NA,5/24/2023,6/8/2023,15,2,RB,RB,20,0,35,10,5,6,0,0,0,0,0,30,229,0,0,0,0,0,0,0,0,0,0,0,0,3,0,0,0,0,0,0,0.5,0,0,0,0,0,2,0,0,0,0,0,0,0,0,0,0,0,0,0,0,0,0,0,0,0,0,0,0,0,0,0,0.3,0.5,3,1,0,0,2,0,0,0,0,
RB,SS,SoCal,Dana Point,1 Whelk,M,0,1,331,5/24/2023,6/8/2023,15,2,RB,RB,20,0,30,10,0,0,0,0,0,0,0,35,246,0,0,0,0.7,0,0,0,0,0,0,0,0,2,0,0,0,0,0,0,0,0,0,2,0,0,2,0,0,0,0,0,0,0,0,0,0,0,0,0,0,0,0,0,0,0,0,0,0,0,0,0,0.3,0,4,1,0,0,0.8,0,0,0,0,Added 1 whelk (331)
RB,SS,SoCal,Dana Point,3 Whelk,M,2,1,333,5/24/2023,6/8/2023,15,2,RB,RB,15,0,14,6,0,0,0,0,0,0,0,45,346,1,1,0,1,0,0,0,0,0,0,0,2,3,0,0,0,0,0,3,0,1,0,0,0,0,0.5,0,0,0,0,0,0,0,0,0,0,0,0,0,0,0,2,2,0,0,0,0,0,0,0,0,3,0,5,0.4,0,0.4,2,0,0,0,0,Added 1 whelk (333)
RB,SS,SoCal,Dana Point,6 Whelk,M,6,0,NA,5/24/2023,6/8/2023,15,2,RB,RB,10,0,17,3,7,9,0,0,0,0,0,80,474,3,3,0,0,0,0,0,0,0,0,0,0,4,0,0,0,0,0,0,3,0,0,0,0,0,6,0,0,0,0,0,0,0,0,0,0.3,0,0,0,0,0,6,6,0,0,0,0,0,0,0,0,0,0.2,4,0.8,0,0,3,0,0,0,0,
RB,SS,SoCal,Scripps,12 Whelk,M,11,1,335,5/29/2023,6/9/2023,11,2,RB,JR,45,0,6,14,15,45,0,0,0,0,0,12,32,0.5,1,1,0,11,33,2,2,1,0,0,0,18,0,0,0,0,0,0,0,0,0,0,0,0,3,0,0,0,0,0,0,0,0,0,0,0,0,0,0,0,10,11,0,0,0,0,0,0,0,0,3,0,1,2,2,0,0.5,0,0,0,0,Added 1 whelk (335)
RB,SS,SoCal,Scripps,Partial,M,0,0,NA,5/29/2023,6/9/2023,11,2,RB,JR,45,0,15,10,0.5,1,0,0,0,0,0,15,61,0,0,0,0.2,3,5,0,0,0,0,0,0,6,0,0,0,0,0,0,0,0.2,0,0,0,0,2,0,0,0,0,0,0,0,0,0,0,0,0,0,0,0,0,0,0,0,0,0,0,0,0,0,6,0.8,0,4,2,0,0.5,0,0,0,0,
RB,SS,SoCal,Scripps,No Cage,M,1,0,NA,5/29/2023,6/9/2023,11,2,RB,JR,45,0,7,5,0.5,2,0,0,0,0,0,6,8,0,0,0,0,12,26,0,0,0,0,0,0,30,0,0,0,0,0,0,0,0,0,0,0,0,0,0,0,0,0,0,0,0,0,0,0,0,0,0,0,0,1,1,0,0,0,0,0,0,0,0,3,0,1,2,0,0,0,0,0,0,0,
RB,SS,SoCal,Scripps,1 Whelk,M,1,0,NA,5/29/2023,6/9/2023,11,2,RB,JR,45,0,25,15,0,0,0,0,0,0,0,0,0,0,0,0,0,6,13,0,0,0,0,0,0,5,0,0,0,0,0,0.9,0,0,0,0,0,0,3,0,0,0,0,0,0,0,0,0,0,0,0,0,0,0,1,1,0,0,0,0,0,0,0,0,9,0,1,6,0,0,0.5,0,0,0,0,
RB,SS,SoCal,Scripps,6 Whelk,M,6,0,NA,5/29/2023,6/9/2023,11,2,RB,JR,50,0,12,3,0.5,2,0.8,1,1,0,0,14,25,0.5,1,1,1,0,0,0,0,0,0,0,0,20,0,0,0,0,0,0,0,0,0,0,0,0,0,0,0,0,0,0,0,0,0,0,0,0,0,0,0,0,6,6,0,0,0,0,0,0,0,0,3,0,1,2,0,0,1,0,0,0,0,
RB,SS,SoCal,Scripps,3 Whelk,M,3,0,NA,5/29/2023,6/9/2023,11,2,RB,JR,25,0,8,7,0.5,1,0,0,0,0,0,8,14,0,0,0,0.5,8,16,0,0,0,0,0,0,45,0,0,0,0,0,0,0,0,0,0,0,0,0,0,0,0,0,0,0,0,0,0,0,0,0,0,0,0,3,3,0,0,0,0,0,0,0,0,4,0.5,0,2,0,0,0,0,0,0,0,
RB,SS,SoCal,Scripps,0 Whelk,M,0,0,NA,5/29/2023,6/9/2023,11,2,RB,JR,35,0,20,15,3,7,0,0,0,0,0,9,9,0,0,0,0.1,9,20,0,0,0,0,2,0,20,0,0,0,0,0,0,0,0,0,0,0,0,2,0,0,0,0,0,0,0,0,0,0,0,0,0,0,0,0,0,0,0,0,0,0,0,0,0,7,0,3,2,0,0,0.5,0,0,0,0,
JL,DD,Baja,Campo Kennedy,0 Whelk,M,0,0,NA,5/12/2023,5/30/2023,18,2,JL,JL,11,0,45,5,0.1,1,0,0,0,0,15,18,60,0,0,0,0,0,0,0,0,0,0,0,0,0,0,0,0,0,0,0,5,0,0,0,0,0,0,0,0,0,0,0,0,0,0,0,0,0,0,0,0,0,0,0,0,0,0,0,0,0,0,0,0.1,0,0.5,0.1,0,0,0.5,0,0,0,0,
JL,DD,Baja,Campo Kennedy,1 Whelk,M,1,0,NA,5/12/2023,5/30/2023,18,2,JL,JL,12,0,43,5,0.1,1,0,0,0,0,7,25,195,0,0,0,0,0,0,0,0,0,0,0,0,0.1,0,0,0,0,0,0,7,0,0,0,0,0,0,0,0,0,0,0,0,0,0,0,0,0,0,0,0,0,0.5,1,0,0,0,0,0,0,0,0,0.1,0,0,0.1,0.1,0,0.5,0,0,0,0,
JL,DD,Baja,Campo Kennedy,12 Whelk,M,9,3,"107,108,109",5/12/2023,5/30/2023,18,2,JL,JL,22,0,38,7,0.1,1,0,0,0,0,5,10,55,0,0,0,0,0,0,0,0,0,0,0,0,0,0,0,0,0,0,0,7,0,0,0,0,0,0,0,0,0,0,0,0,0,0,0,0,0,0,0,0,0,10,9,0,0,0,0,0,0,0,0,0.1,0,0.1,0.1,0.1,0,0.5,0,0,0,0,
JL,DD,Baja,Campo Kennedy,24 Whelk,M,22,2,"111,113",5/12/2023,5/30/2023,18,2,JL,JL,4,0,13,30,0.5,4,0,0,0,0,15,8,52,0,0,0,0,0,0,0,0,0,0,0,0,1,0,0,0,0,0,0,3,0,0,0,0,0,0,0,0,0,0,0,0,0,0,0,0,0,0,0,0,0,20,22,0,0,0,0,0,0,0,0,0.1,0,0.1,0.1,0.1,0,0.1,0,0,0,0,
JL,DD,Baja,Campo Kennedy,6 Whelk,M,6,0,NA,5/12/2023,5/30/2023,18,2,DD,DD,50,0,10,25,5,8,0,0,0,0,5,3,5,0,0,0,0,0,0,0,0,0,0,0,0,0,0,0,0,0,0,0,0,0,0,0,0,0,0,0,0,0,0,0,0,0,0,0,0,0,0,0,0,0,5,6,0,0,0,0,0,0,0,0,0.3,0,0,0,0,0,0,0,0,0,0,
JL,DD,Baja,Campo Kennedy,3 Whelk,M,3,0,NA,5/12/2023,5/30/2023,18,2,JL,JL,38,0,20,30,0,0,0,0,0,0,2,5,24,0,0,0,0,0,0,0,0,0,0,0,0,0.5,0,0,0,0,0,0,0,0,0,0,0,0,0,0,0,0,0,0,0,0,0,0,0,0,0,0,0,0,3,3,0,0,0,0,0,0,0,0,0.1,0,0,0.1,0,0,0.1,0,0,0,0,
JL,DD,Baja,Campo Kennedy,No Cage,M,0,NA,NA,5/12/2023,5/30/2023,18,2,JL,JL,47,0,7,8,4,8,0,0,0,0,10,15,52,0,0,0,0,0,0,0,0,0,0,0,0,0.1,0,0,0,0,0,0,4,0,0,0,0,0,0,0,0,0,0,0,0,0,0,0,0,0,0,0,0,0,0,0,0,0,0,0,0,0,0,0,0.1,0,0,5,0,0,0.1,0,0,0,0,
JL,DD,Baja,Campo Kennedy,Partial,M,1,NA,NA,5/12/2023,5/30/2023,18,2,JL,JL,22,0,55,6,2,6,0,0,0,0,6,8,27,0,0,0,0,0,0,0,0,0,0,0,0,0,0,0,0,0,0,0,1,0,0,0,0,0,0,0,0,0,0,0,0,0,0,0,0,0,0,0,0,0,0.1,1,0,0,0,0,0,0,0,0,0.1,0,0.1,0.1,0.1,0,0.1,0,0,0,0,
RB,SS,Baja,Campo Kennedy,3 Whelk,M,3,3,NA,5/12/2023,5/12/2023,0,0,RB,RB,50,0,18,30,1,1,0,0,0,0,2,5,13,0,0,0,0.5,0,0,0,0,0,0,0,0,1,0,0,0,0,0,0,0,0,0,0,0,0,0,0,0,0,0,0,0,0,0,0,0,0,0,0,0,0,0,0,0,0,0,0,0,0,0,0,3,0,0,0,0,0,0,0,0,0,0,
RB,SS,Baja,Campo Kennedy,6 Whelk,M,6,6,NA,5/12/2023,5/12/2023,0,0,RB,RB,40,0,25,10,5,8,0,0,0,0,5,8,27,0,0,0,0,0,0,0,0,0,0,0,0,0,0,0,0,0,0,0,9,0,0,0,0,0,0,0,0,0,0,0,0,0,0,0,0,0,0,0,0,0,0,0,0,0,0,0,0,0,0,0,2,0,1,0.8,0,0,0,0,0,0,0,
RB,SS,Baja,Campo Kennedy,24 Whelk,M,24,24,NA,5/12/2023,5/12/2023,0,0,RB,RB,30,0,30,10,2,4,0,0,0,0,19,10,31,0,0,0,0,0,0,0,0,0,0,0,0,2,0,0,0,0,0,0,5,0,0,0,0,0,0,0,0,0,0,0,0,0,0,0,0,0,0,0,0,0,0,0,0,0,0,0,0,0,0,0,3,0,0,4,0,0,0,0,0,0,0,
RB,SS,Baja,Campo Kennedy,12 Whelk,M,12,12,NA,5/12/2023,5/12/2023,0,0,RB,RB,20,0,30,15,0,0,0,0,0,0,7,19,48,0,0,0,0.5,0,0,0,0,0,0,0,0,0,0,0,0,0,0,0,7,0,0,0,0,0,0,0,0,0,0,0,0,0,0,0,0,0,0,0,0,0,0,0,0,0,0,0,0,0,0,0,4,0,1,5,0,0,0.5,0,0,0,0,
RB,SS,Baja,Campo Kennedy,Partial,M,0,0,NA,5/12/2023,5/12/2023,0,0,RB,RB,20,0,45,15,3,6,0,0,0,0,6,8,14,0,0,0,0,0,0,0,0,0,0,0,0,0,0,0,0,0,0,0,0,0,0,0,0,0,0,0,0,0,0,0,0,0,0,0,0,0,0,0,0,0,0,0,0,0,0,0,0,0,0,0,4,0,1,0.5,0,0,0,0,0,0,0,
RB,SS,Baja,Campo Kennedy,0 Whelk,M,0,0,NA,5/12/2023,5/12/2023,0,0,RB,RB,30,0,35,5,0,0,0,0,0,0,15,16,41,0,0,0,0,0,0,0,0,0,0,0,0,1,0,0,0,0,0,0,6,0,0,0,0,0,0,0,0,0,0,0,0,0,0,0,0,0,0,0,0,0,0,0,0,0,0,0,0,0,0,0,3,0,1,5,0,0,0,0,0,0,0,
RB,SS,Baja,Campo Kennedy,1 Whelk,M,1,1,NA,5/12/2023,5/12/2023,0,0,RB,RB,30,0,20,15,0,0,0,0,0,0,7,20,127,0,0,0,2,0,0,0,0,0,0,0,0,0.5,0,0,0,0,0,0,8,0,0,0,0,0,0,0,0,0,0,0,0,0,0,0,0,0,0,0,0,0,0,0,0,0,0,0,0,0,0,0,5,0,0,6,0,0,0,0,0,0,0,
RB,SS,Baja,Campo Kennedy,No Cage,M,1,0,NA,5/12/2023,5/12/2023,0,0,RB,RB,60,0,8,14,5,8,0,0,0,0,5,18,62,0,0,0,0,0,0,0,0,0,0,0,0,0,0,0,0,0,0,0,7,0,0,0,0,0,0,0,0,0,0,0,0,0,0,0,0,0,0,0,0,0,0.2,1,0,0,0,0,0,0,0,0,1,0,1,3,0,0,0,0,0,0,0,
RB,SS,Baja,Punta Morro,3 Whelk,M,3,3,NA,5/13/2023,5/13/2023,0,0,RB,RB,45,0,30,5,7,36,0,0,0,0,0,2,4,0,0,0,0,0,0,0,0,0,0,0,0,0.5,0,0,0,0,0,0,0,0,0,0,0,0,0,0,0,0,0,0,0,0,7,3,0,0,0,0,0,0,0,0,0,0,0,0,0,0,0,0,3,0,8,2,0,0,0,0,0,0,0,
RB,SS,Baja,Punta Morro,No Cage,M,7,0,NA,5/13/2023,5/13/2023,0,0,RB,RB,40,0,20,10,14,47,0,0,0,0,5,1,3,0,0,0,0,0,0,0,0,0,0,0,0,5,0,0,0,0,0,0,4,0,0,0,0,0,0,0,0,0,0,0,0,0,0,0,0,0,0,0,0,0,7,7,0,0,0,0,0,0,0,0,4,0,7,5,4,0,0,0,0,0,0,
RB,SS,Baja,Punta Morro,0 Whelk,M,0,0,NA,5/13/2023,5/13/2023,0,0,RB,RB,15,0,50,15,20,89,0,0,0,0,0,0,0,0,0,0,0,0,0,0,0,0,0,0,0,0,0,0,0,0,0,0,0,0,0,0,0,0,0,1,0,0,0,0,0,0,0,0.3,4,0,0,0,0,0,0,0,0,0,0,0,0,0,0,0,5,0,6,3,0,0,0,0,0,0,0,
RB,SS,Baja,Punta Morro,12 Whelk,M,12,12,NA,5/13/2023,5/13/2023,0,0,RB,RB,20,0,35,30,5,6,0,0,0,0,0,0,0,0,0,0,0,0,0,0,0,0,0,0,0,1,2,0,0,0,0,0.5,0,4,0,0,0,0,0,0,0,0,0,0,0,0,0,0,0,0,0,0,0,0,0,0,0,0,0,0,0,0,0,0,0,0,2,4,0,0,0,0,0,0,0,
RB,SS,Baja,Punta Morro,24 Whelk,M,24,24,NA,5/13/2023,5/13/2023,0,0,RB,RB,20,0,50,10,2,6,0,0,0,0,0,0.5,1,0,0,0,0,0,0,0,0,0,0,0,0,20,0,0,0,0,0,0,0,0,0,0,0,0,0,0,0,0,0,0,0,0,0,0,0,0,0,0,0,0,0,0,0,0,0,0,0,0,0,0,0,0,3,0.5,0.5,0,0,0,0,0,0,
RB,SS,Baja,Punta Morro,6 Whelk,M,6,6,NA,5/13/2023,5/13/2023,0,0,RB,RB,50,0,15,15,6,16,0,0,0,0,0,1,2,0,0,0,0,0,0,0,0,0,0,0,0,5,0,0,0,0,0,0,0,0,0,0,0,0,0,0,0,0,0,0,0,0,0,0,0,0,0,0,0,0,0,0,0,0,0,0,0,0,0,0,1,0,3,3,2,0,0,0,0,0,0,
RB,SS,Baja,Punta Morro,1 Whelk,M,1,1,NA,5/13/2023,5/13/2023,0,0,RB,RB,60,0,20,2,6,20,0,0,0,0,0,0,0,0,0,0,0,0,0,0,0,0,0,0,0,3,0,0,0,0,0,0,0,0,0,0,0,0,0,0,0,0,0,0,0,0,0.1,0,0.3,0,0,0,0,0,0,0,0,0,0,0,0,0,0,0,1,0,4,0.5,3,0,0,0,0,0,0,
RB,SS,Baja,Punta Morro,Partial,M,3,0,NA,5/13/2023,5/13/2023,0,0,RB,RB,40,0,35,5,7,27,0,0,0,0,0,0.5,1,0,0,0,0,0,0,0,0,0,0,0,0,0,2,0,0,0,0,0,0,2,0,0,0,0,0,0,0,0,0,0,0,0,0,0,0,0,0,0,0,0,2,3,0,0,0,0,0,0,0,0,3,0,5,2,0,0,0,0,0,0,0,
RB,SS,NorCal,Mendocino North,3 Whelk,As,3,3,NA,6/21/2023,6/21/2023,0,0,BM,BM,10,0,43,2,0,0,0,0,0,0,0,0,0,0,0,0,0,0,0,0,0,0,0,0,0,0.5,0,0,0,0,0,2,0,40,0,0,0,0,5,0,0,0,7,0,0,0,0,0,0,0,0,0,0,0,0,0,0,0,0,0,0,0,0,0,0,2,0,0.3,0,0,0,0,0,0,0,
RB,SS,NorCal,Mendocino North,0 Whelk,As,0,0,NA,6/21/2023,6/21/2023,0,0,BM,BM,30,0,10,20,0,0,0,0,0,0,0,0,0,0,0,0,0,0,0,0,0,0,0,0,0,0.5,0,0,0,0,0,0,4,4,0,0,0,0,24,0,0,0,3,0,0,0,0,0,0,0,0,0,0,0,0,0,0,0,0,0,0,0,0,0,0,0,0,0.2,0,0,0,0,0,0,0,
RB,SS,NorCal,Mendocino North,12 Whelk,As,12,12,NA,6/21/2023,6/21/2023,0,0,BM,BM,20,0,48,2,0,0,0,0,0,0,0,0,0,0,0,0,0,0,0,0,0,0,0,0,0,0,0,0,0,0,0,0,0,5,0,0,0,0,25,0,0,0,3,0,0,0,0,0,0,0,0,0,0,0,0,0,0,0,0,0,0,0,0,0,0,2,0,0.1,0,0,0,0,0,0,0,
RB,SS,NorCal,Mendocino North,No Cage,As,0,0,NA,6/21/2023,6/21/2023,0,0,BM,BM,15,0,75,5,0,0,0,0,0,0,0,0,0,0,0,0,0,0,0,0,0,0,0,0,0,0,0,0,0,0,0,0,0,1,0,0,0,0,0,0,0,0,4,0,0,0,0,0,0,0,0,0,0,0,0,0,0,0,0,0,0,0,0,0,0,0,0,0.1,0,0,0,0,0,0,0,
RB,SS,NorCal,Mendocino North,6 Whelk,As,6,6,NA,6/21/2023,6/21/2023,0,0,BM,BM,10,0,73,2,0,0,0,0,0,0,0,0,0,0,0,0,0,0,0,0,0,0,0,0,0,0,0,0,0,0,0,0,0,1,0,0,0,0,15,0,0,0,8,0,0,0,0,0,0,0,0,0,0,0,0,0,0,0,0,0,0,0,0,0,0,1,0,0.1,0,0,0,0,0,0,0,
RB,SS,NorCal,Mendocino North,Partial,As,0,0,NA,6/21/2023,6/21/2023,0,0,BM,BM,60,0,22,2,0,0,0,0,0,0,0,0,0,0,0,0,0,0,0,0,0,0,0,0,0,0,0,0,0,0,0,0,0,5,0,0,0,0,4,0,0,0,12,0,0,0,0,0,0,0,0,0,0,0,0,0,0,0,0,0,0,0,0,0,0,0,0,0,0,0,0,0,0,0,0,
RB,SS,NorCal,Mendocino North,1 Whelk,As,1,1,NA,6/21/2023,6/21/2023,0,0,BM,BM,0,0,45,1,0,0,0,0,0,0,0,0,0,0,0,0,0,0,0,0,0,0,0,0,0,0,0,0,0,0,0,0,0,45,0,0,0,0,8,0,0,0,8,0,0,0,0,0,0,0,0,0,0,0,0,0,0,0,0,0,0,0,0,0,0,0,0,0,0,0,0,0,0,0,0,
RB,SS,NorCal,Mendocino South,12 Whelk,As,12,12,NA,6/22/2023,6/22/2023,0,0,BM,BM,48,0,48,2,0,0,0,0,0,0,0,0,0,0,0,0,0,0,0,0,0,0,0,0,0,0,0,0,0,0,0,0,0,0,0,0,0,0,0,0,0,0,1,0,0,0,0,0,0,0,0,0,0,0,0,0,0,0,0,0,0,0,0,0,1,0,0,1,0,0,0,0,0,0,0,
RB,SS,NorCal,Mendocino South,1 Whelk,As,1,1,NA,6/22/2023,6/22/2023,0,0,BM,BM,46,0,50,0.1,0,0,0,0,0,0,0,0.1,1,0,0,0,0,0,0,0,0,0,0,0,0,0,0,0,0,0,0,0,0,0,0,0,0,0,0,0,0,0,2,0,0,0,0,0,0,0,0,0,0,0,0,0,0,0,0,0,0,0,0,0,2,0,0,1,0,0,0,0,0,0,0,
RB,SS,NorCal,Mendocino South,6 Whelk,As,6,6,NA,6/22/2023,6/22/2023,0,0,BM,BM,73,0,20,5,0,0,0,0,0,0,0,0.1,1,0,0,0,0,0,0,0,0,0,0,0,0,0,0,0,0,0,0,0,0,0,0,0,0,0,0.5,0,0,0,0,0,0,0,0,0,0,0,0,0,0,0,0,0,0,0,0,0,0,0,0,0,0.1,0,0,0.5,0,0,0,0,0,0,0,
RB,SS,NorCal,Mendocino South,0 Whelk,As,0,0,NA,6/22/2023,6/22/2023,0,0,BM,BM,47,0,30,20,0,0,0,0,0,0,0,0,0,0,0,0,0,0,0,0,0,0,0,0,0,0,0,0,0,0,0,0,0,0,0,0,0,0,0,0,0,0,0.5,0,0,0,0,0,0,0,0,0,0,0,0,0,0,0,0,0,0,0,0,0,0.2,0,0,0.1,0,0,1,0,0,0,0,
RB,SS,NorCal,Mendocino South,Partial,As,0,0,NA,6/22/2023,6/22/2023,0,0,BM,BM,55,0,33,2,0,0,0,0,0,0,0,1,5,0,0,0,0,0,0,0,0,0,0,0,0,0,0,0,0,0,0,0,0,0,0,0,0,0,0.2,0,0,0,0.5,0,0,0,0,0,0,0,0,0,0,0,0,0,0,0,0,0,0,0,1,0,0.5,1,0,2,0,0,0,0,0,0,0,
RB,SS,NorCal,Mendocino South,No Cage,As,0,0,NA,6/22/2023,6/22/2023,0,0,BM,BM,44,0,24,26,0,0,0,0,0,0,0,0.1,1,0,0,0,0,0,0,0,0,0,0,0,0,0,0,0,0,0,0,0,0,0.5,0,0,0,0,2,0,0,0,1,0,0,0,0,0,0,0,0,0,0,0,0,0,0,0,0,0,0,0,0,0,1,0,0,0.5,0,0,0,0,0,0,0,
RB,SS,NorCal,Mendocino South,3 Whelk,As,3,3,NA,6/22/2023,6/22/2023,0,0,BM,BM,50,0,45,1,0,0,0,0,0,0,0,1,10,0,0,0,0,0,0,0,0,0,0,0,0,0,0,0,0,0,0,0,0,0,0,0,0,0,0.5,0,0,0,2,0,0,0,0,0,0,0,0,0,0,0,0,0,0,0,0,0,0,0,0,0,1,0,0,2,0,0,0,0,0,0,0,All mussels are very small
RB,SS,SoCal,Scripps,12 Whelk,M,13,-1,NA,5/29/2023,6/27/2023,29,4,RB,JO,45,0,3,12,11,46,1,1,1,0,0,9,32,0,0,0,0,8,21,5,11,11,0,0,0,15,0,0,0,0,0,0,0,0,0,0,0,0,5,0,0,0,0,0,0,0,0,0,0,0,0,0,0,0,13,13,0,0,0,0,0,0,0,0,2,0,0,2,2,0,2,0,0,0,0,Whelk #335 removed from cage
RB,SS,SoCal,Scripps,No Cage,M,0,0,NA,5/29/2023,6/27/2023,29,4,RB,JO,45,0,5,5,1,2,0,0,0,0,0,8,5,0,0,0,0,8,20,0,0,0,0,0,0,25,0,0,0,0,0,0,0,0,0,0,0,0,0,0,0,0,0,0,0,0,0,0,0,0,0,0,0,0,0,0,0,0,0,0,0,0,0,0,2,0,0,4,0,0,0,0,0,0,0,
RB,SS,SoCal,Scripps,6 Whelk,M,6,0,NA,5/29/2023,6/27/2023,29,4,RB,JO,45,0,10,5,1,2,0,0,0,0,0,6,11,0,0,0,1,6,13,2,2,2,0,0,0,20,0,0,0,0,0,0,0,0,0,0,0,0,0.5,0,0,0,0,0,0,0,0,0,0,0,0,0,0,0,5,6,0,0,0,0,0,0,0,0,2,4,1,3,0,0,1,0,0,0,0,
RB,SS,SoCal,Scripps,3 Whelk,M,3,0,NA,5/29/2023,6/27/2023,29,4,RB,JO,30,0,4,11,1,1,0,0,0,0,0,8,10,0,0,0,0.2,7,24,1,1,1,0,0,0,40,0,0,0,0,0,0,0,0,0,0,0,0,0,0,0,0,0,0,0,0,0,0,0,0,0,0,0,0,3,3,0,0,0,0,0,0,0,0,3,1,1,4,0,0,0.5,0,0,0,0,
RB,SS,SoCal,Scripps,Partial,M,0,0,NA,5/29/2023,6/27/2023,29,4,RB,JO,40,0,15,10,0.5,1,0,0,0,0,0,18,34,0.5,1,0,0,3,5,0,0,0,0,0,0,9,0,0,0,0,0,0,0.5,0,0,0,0,0,3,0,0,0,0,0,0,0,0,0,0,0,0,0,0,0,0,0,0,0,0,0,0,0,0,0,6,0,2,4,3,0,0,0,0,0,0,
RB,SS,SoCal,Scripps,1 Whelk,M,1,0,NA,5/29/2023,6/27/2023,29,4,RB,JO,40,0,20,10,0,0,0,0,0,0,0,0,0,0,0,0,1,6,12,0,0,0,0,0,0,5,0,0,0,0,0,0.5,0,0,0,0,0,0,3,0,0,0,0,0,0,0,0,0,0,0,0,0,0,0,1,1,0,0,0,0,0,0,0,0,7,0,1,5,0,0,0,0,0,0,0,
RB,SS,SoCal,Scripps,0 Whelk,M,0,0,NA,5/29/2023,6/27/2023,29,4,RB,JO,30,0,17,13,3,8,0,0,0,0,0,8,15,0,0,0,0.5,8,21,0,0,0,0,2,0,20,0,0,0,0,0,0.5,0,0,0,0,0,0,2,0,0,0,0,0,0,0,0,0,0,0,0,0,0,0,0,0,0,0,0,0,0,0,0,0,6,0,3,5,0,0,2,0,0,0,0,
RB,SS,SoCal,Dana Point,12 Whelk,M,12,0,NA,5/24/2023,6/26/2023,33,4,RB,SR,10,0,15,25,0,0,0,0,0,0,0,35,203,10,8,8,0,0,0,0,0,0,0,0,0,3,0,0,0,0,0,0.2,0.5,0,0,0,0,0,0,0,0,0,0,0,0,0,0,0,0,0,0,0,0,0,12,12,0,0,0,0,0,0,0,0,0.3,0,5,0,0,0,2,0,0,0,0,
RB,SS,SoCal,Dana Point,6 Whelk,M,6,0,NA,5/24/2023,6/26/2023,33,4,RB,SR,10,0,9,6,5,10,0,0,0,0,0,75,438,8,14,11,0,0,0,0,0,0,0,0,0,3,0,0,0,0,0,0,2,0,0,0,0,0,5,0,0,0,0,0,0,0,0,0,0,0,0,0,0,0,6,6,0,0,0,0,0,0,0,0,0,0,5,1,0,0,3,0,0,0,0,
RB,SS,SoCal,Dana Point,3 Whelk,M,4,-1,NA,5/24/2023,6/26/2023,33,4,RB,SR,20,0,5,15,0,0,0,0,0,0,0,38,343,2,4,2,2,0,0,0,0,0,0,0,1,3,0,0,0,0,0,1,3,2,0,0,0,0,0,0,0,0,0,0,0,0,0,0,0,0,0,0,0,0,4,4,0,0,0,0,0,0,0,0,3,0,5,1,0,1,2,0,0,0,0,Whelk #333 released bc one whelk rediscovered. Most dead barnacles are on bare rock across all plots.
RB,SS,SoCal,Dana Point,1 Whelk,M,1,0,NA,5/24/2023,6/26/2023,33,4,RB,SR,30,0,19,11,0,0,0,0,0,0,0,35,199,1,2,0,0.5,0,0,0,0,0,0,0,0,3,0,0,0,0,0,0,1,0,0,0,0,0,0,0,0,0,0,0,0,0,0,0,0,0,0,0,0,0,1,1,0,0,0,0,0,0,0,0,0.2,0,3,0.5,0,0,2,0,0,0,0,
RB,SS,SoCal,Dana Point,0 Whelk,M,0,0,NA,5/24/2023,6/26/2023,33,4,RB,SR,20,0,30,5,3,4,0,0,0,0,0,34,220,1,1,0,0.5,0,0,0,0,0,0,0,0,2,0,0,0,0,0,0,4,0,0,0,0,0,2,0,0,0,0,0,0,0,0,0,0,0,0,0,0,0,0,0,0,0,0,0,0,0,0,0,0.4,0,1,3,0,0,1,0,0,0,0,
RB,SS,SoCal,Dana Point,No Cage,M,0,0,NA,5/24/2023,6/26/2023,33,4,RB,SR,45,0,12,8,2,2,0,0,0,0,0,15,41,0,0,0,0.5,0,0,0,0,0,0,0,0,6,0,0,0,0,0,0,2,0,0,0,0,0,0,0,0,0,0,0,0,0,0,0,0,0,0,0,0,0,0,0,0,0,0,0,0,0,0,0,0.8,0,3,4,0,0,0,0,0,0,0,
RB,SS,SoCal,Dana Point,Partial,M,4,0,NA,5/24/2023,6/26/2023,33,4,RB,SR,15,0,11,9,3,4,0,0,0,0,0,43,197,2,2,0,0,0,0,0,0,0,0,0,1,20,0,0,0,0,0,0,2,0,0,0,0,0,0,0,0,0,0,0,0,0,0,0,0.5,0,0,0,0,0,4,4,0,0,0,0,0,0,0,0,0,0,1,0,0,2,3,0,0,0,0,
JL,DD,Baja,Punta Morro,6 Whelk,M,4,2,"102, 103",5/13/2023,5/29/2023,16,2,JL,JL,40,0,6,20,10,16,0.1,1,0,0,1,1,2,0,0,0,0,0,0,0,0,0,0,0,0,8,0,0,0,0,0,0,0,0,0,0,0,0,0,0,0,0,0,0,0,0,0,0,0,0,0,0,0,0,3,4,0,0,0,0,0,0,0,0,0.5,0,10,2,3,0,0.5,0,0,0,0,"HOBO got waterlogged, had to change (#Cardi21346199) 11:29am"
JL,DD,Baja,Punta Morro,24 Whelk,M,22,2,"90, 97",5/13/2023,5/29/2023,16,2,JL,JL,12,0,35,25,5,6,0,0,0,0,3,0,0,0,0,0,0,0,0,0,0,0,0,0,0,19,0,0,0,0,0,0,0,0,0,0,0,0,0,0,0,0,0,0,0,0,0,0,0,0,0,0,0,0,18,22,0,0,0,0,0,0,0,0,0.5,0,8,0.5,0,0,1,0,0,0,0,
JL,DD,Baja,Punta Morro,12 Whelk,M,10,2,"104, 105",5/13/2023,5/29/2023,16,2,JL,JL,35,0,15,40,5,6,0,0,0,0,4,0,0,0,0,0,0,0,0,0,0,0,0,0,0,2,0,0,0,0,0,0,0.1,0,0,0,0,0,0,0,0,0,0,0,0,0,0,0,0,0,0,0,0,0,10,13,0,0,0,0,0,0,0,0,0.5,0,7,0.5,0,0,0.5,0,0,0,0,
JL,DD,Baja,Punta Morro,3 Whelk,M,2,1,106,5/13/2023,5/29/2023,16,2,JL,JL,32,0,32,8,10,30,0,0,0,0,0,1,4,0,0,0,0,0,0,0,0,0,0,0,0,0,0,0,0,0,0,0,0,0,0,0,0,0,0,0,0,0,0,0,0,0,0,3,0,0,0,0,0,0,1,2,0,0,0,0,0,0,0,0,0.5,0,8,1,0,0,0,0,0,0,0,
JL,DD,Baja,Punta Morro,0 Whelk,M,18,-18,NA,5/13/2023,5/29/2023,16,2,JL,JL,8,0,20,40,22,76,0,0,0,0,0,0,0,0,0,0,0,0,0,0,0,0,0,0,0,0,0,0,0,0,0,0,1,0,0,0,0,0,0,0,0,0,0,0,0,0,0,0,0,0,0,0,0,0,10,12,0,0,0,0,0,0,0,0,0.5,0,5,2,0,0,2,0,0,0,0,
JL,DD,Baja,Punta Morro,No Cage,M,2,0,NA,5/13/2023,5/29/2023,16,2,JL,JL,59,0,10,8,0,0,0,0,0,0,5,4,8,0,0,0,0,0,0,0,0,0,0,0,0,2,0,0,0,0,0,0,0,0,0,0,0,0,0,0,0,0,0,0,0,0,0,0,0,0,0,0,0,0,1,2,0,0,0,0,0,0,0,0,6,0,0,0,4,0,0,0,0,0,0,
JL,DD,Baja,Punta Morro,1 Whelk,M,1,0,NA,5/13/2023,5/29/2023,16,2,JL,JL,61,0,20,1,8,27,0,0,0,0,0,0,0,0,0,0,0,0,0,0,0,0,0,0,0,0.5,0,0,0,0,0,0,0,0,0,0,0,0,0,0,0,0,0,0,0,0,0,0,0,0,0,0,0,0,0,0,0,0,0,0,0,0,0,0,0.5,0,4,0.5,5,0,1,0,0,0,0,
JL,DD,Baja,Punta Morro,Partial,M,1,0,NA,5/13/2023,5/29/2023,16,2,JL,JL,46,0,35,5,5,10,0,0,0,0,0,0.5,1,0,0,0,0,0,0,0,0,0,0,0,0,0,0,0,0,0,0,0,0,0,0,0,0,0,0,0,0,0,0,0,0,0,0,0,0,0,0,0,0,0,0.5,1,0,0,0,0,0,0,0,0,0.5,0,6,2,0,0,0,0,0,0,0,
JL,DD,Baja,Punta Morro,24 Whelk,M,22,2,"117,114",5/13/2023,6/9/2023,27,4,DD,PP,5,0,5,70,4,6,0,0,0,0,0,0,0,0,0,0,0,0,0,0,0,0,0,0,0,10,0,0,0,0,0,0,0,3,0,0,0,0,0,0,0,0,0,0,0,0,0,0,0,0,0,0,0,0,20,22,0,0,0,0,0,0,0,0,0.5,0,5,2,0,0,1,0,0,0,0,
JL,DD,Baja,Punta Morro,12 Whelk,M,12,1,122,5/13/2023,6/9/2023,27,4,DD,PP,20,0,5,60,5,7,0,0,0,0,0.1,0,0,0,0,0,0,0,0,0,0,0,0,0,0,3,0,0,0,0,0,0,2,7,0,0,0,0,0,0,0,0,0,0,0,0,0,0,0,0,0,0,0,0,12,12,0,0,0,0,0,0,0,0,5,0,2,5,0,0,0,0,0,0,0,"Found #62 dead, was replaced with #122"
JL,DD,Baja,Punta Morro,6 Whelk,M,6,0,NA,5/13/2023,6/9/2023,27,4,JL,PP,28,0,4,15,10,21,0,0,0,0,0,1.5,2,0,0,0,0,0,0,0,0,0,0,0,0,7,0,0,0,0,0,0,0,0,0,0,0,0,0,0,0,0,0,0,0,0,0,0,0,0,0,0,0,0,5,6,0,0,0,0,0,0,0,0,0.1,0,14,0.5,2,0,0.1,0,0,0,0,
JL,DD,Baja,Punta Morro,3 Whelk,M,4,-1,NA,5/13/2023,6/9/2023,27,4,JL,PP,23,0,25,12,12,49,0,0,0,0,0,4,1,0,0,0,0,0,0,0,0,0,0,0,0,1,0,0,0,0,0,0,0,0,0,0,0,0,0,0,0,0,0,0,0,0,0,1.5,0,0,0,0,0,0,3,4,0,0,0,0,0,0,0,0,0.5,0,10,0.5,0,0,0,0,0,0,0,"#106 was found inside the cage, we removed it"
JL,DD,Baja,Punta Morro,No Cage,M,8,0,NA,5/13/2023,6/9/2023,27,4,JL,PP,22,0,6,15,23,91,0.5,1,0,0,8,2,5,0,0,0,0,0,0,0,0,0,0,0,0,2,0,0,0,0,0,0,0,0,0,0,0,0,0,0,0,0,0,0,0,0,0,0,0,0,0,0,0,0,5,8,0,0,0,0,0,0,0,0,0,0,4,0.5,10,0,0,0,0,0,0,
JL,DD,Baja,Punta Morro,1 Whelk,M,1,0,NA,5/13/2023,6/9/2023,27,4,JL,PP,20,0,24,1,7,26,0,0,0,0,0,0,0,0.5,1,0,0,0,0,0,0,0,0,0,0,2,0,0,0,0,0,0,0.5,0,0,0,0,0,0,0,0,0,0,0,0,0,0,0.5,0,0,0,0,0,0,0.5,1,0,0,0,0,0,0,0,0,0.1,0,5,0.1,6,0,0,0,0,0,0,
JL,DD,Baja,Punta Morro,Partial,M,8,0,NA,5/13/2023,6/9/2023,27,4,JL,PP,12,0,10,18,10,22,0,0,0,0,1,0.5,1,0,0,0,0,0,0,0,0,0,0,0,0,7,0,0,0,0,0,0,0,0,0,0,0,0,0,0,0,0,0,0,0,0,0,0,0,0,0,0,0,0,5,8,0,0,0,0,0,0,0,0,0.5,0,2,0.5,0,0,0.1,0,0,0,0,
JL,DD,Baja,Punta Morro,0 Whelk,M,10,-10,NA,5/13/2023,6/9/2023,27,4,JL,PP,8,0,12,45,25,81,0,0,0,0,0,0,0,0,0,0,0,0,0,0,0,0,0,0,0,0,0,0,0,0,0,0,0,0,0,0,0,0,0,2,0,0,0,0,0,0,0,0,0,0,0,0,0,0,12,10,0,0,0,0,0,0,0,0,0.1,0,4,0.5,0,0,0,0,0,0,0,
JL,DD,Baja,Campo Kennedy,24 Whelk,M,16,3,"133,132,131",5/12/2023,6/10/2023,29,4,DD,PC,50,0,5,35,0.5,1,0,0,0,0,15,15,32,0,0,0,0,0,0,0,0,0,0,0,0,1,0,0,0,0,0,0,0,5,10,0,0,0,0,0,0,0,0,0,0,0,0,0,0,0,0,0,0,0,15,16,0,0,0,0,0,0,0,0,2,0,3,0,0,0,0,0,0,0,0,"#30, #14, #27, #12, #23, #28 where found outside the cage and put back in."
JL,DD,Baja,Campo Kennedy,12 Whelk,M,10,2,NA,5/12/2023,6/10/2023,29,4,DD,PC,3,0,15,30,0,0,0,0,0,0,3,10,44,0,0,0,0,0,0,0,0,0,0,0,0,0,0,0,0,0,0,0,0,10,25,0,0,0,0,0,0,0,0,0,0,0,0,0,0,0,0,0,0,0,8,10,0,0,0,0,0,0,0,0,10,0,2,1,0,0,1,0,0,0,0,"#108 was found outside, #107 was found in the 24whelk cage"
JL,DD,Baja,Campo Kennedy,6 Whelk,M,3,1,112,5/12/2023,6/10/2023,29,4,JL,JL,30,0,8,27,1,4,0,0,0,0,1.5,10,52,0,0,0,0,0,0,0,0,0,0,0,0,0,0,0,0,0,0,0,6,0,0,0,0,0,0,0,0,0,0,0,0,0,0,0,0,0,0,0,0,0,2,3,0,0,0,0,0,0,0,0,0.5,0,0.1,0.1,0.1,0,0.1,0,0,0,0,"#112, #11 found outside"
JL,DD,Baja,Campo Kennedy,3 Whelk,M,2,0,NA,5/12/2023,6/10/2023,29,4,JL,JL,25,0,15,35,0.5,4,0,0,0,0,0.1,7,35,0,0,0,0,0,0,0,0,0,0,0,0,0.5,0,0,0,0,0,0,4,0,0,0,0,0,0,0,0,0,0,0,0,0,0,0,0,0,0,0,0,0,1,2,0,0,0,0,0,0,0,0,0.5,0,0.1,0.1,0.1,0,0.1,0,0,0,0,#26 found outside
JL,DD,Baja,Campo Kennedy,No Cage,M,1,0,NA,5/12/2023,6/10/2023,29,4,JL,JL,45,0,7,7,5,13,0,0,0,0,7,20,65,0,0,0,0,0,0,0,0,0,0,0,0,0.1,0,0,0,0,0,0,5,0,0,0,0,0,0,0,0,0,0,0,0,0,0,0,0,0,0,0,0,0,0.5,1,0,0,0,0,0,0,0,0,0.5,0,0,0.1,3,0,0,0,0,0,0,Check photos to see the acorn barnacle %
JL,DD,Baja,Campo Kennedy,1 Whelk,M,1,0,NA,5/12/2023,6/10/2023,29,4,JL,JL,34,0,10,20,0.1,1,0,0,0,0,3,35,187,0.1,1,0,0,0,0,0,0,0,0,0,0,0,0,0,0,0,0,0,2,0,0,0,0,0,0,0,0,0,0,0,0,0,0,0,0,0,0,0,0,0,0.5,1,0,0,0,0,0,0,0,0,0.5,0,0,0.1,0.1,0,0.1,0,0,0,0,
JL,DD,Baja,Campo Kennedy,0 Whelk,M,0,0,NA,5/12/2023,6/10/2023,29,4,JL,JL,24,0,38,5,5,0,0,0,0,0,11,18,83,0,0,0,0,0,0,0,0,0,0,0,0,0.1,0,0,0,0,0,0,4,0,0,0,0,0,0,0,0,0,0,0,0,0,0,0,0,0,0,0,0,0,0,0,0,0,0,0,0,0,0,0,0.5,0,0.1,0.5,0.5,0,0.5,0,0,0,0,
JL,DD,Baja,Campo Kennedy,Partial,M,3,0,NA,5/12/2023,6/10/2023,29,4,JL,JL,11,0,15,55,3,8,0,0,0,0,5,10,16,0,0,0,0,0,0,0,0,0,0,0,0,0,0,0,0,0,0,0,1,0,0,0,0,0,0,0,0,0,0,0,0,0,0,0,0,0,0,0,0,0,2,3,0,0,0,0,0,0,0,0,0.5,0,0.5,0.5,0.5,0,0.5,0,0,0,0,#29 #113 and an unmarked one found inisde
DD,JL,Baja,Punta Morro,24 Whelk,M,24,0,NA,5/13/2023,6/24/2023,42,6,DD,PC,10,0,5,75,5,6,0,0,0,0,1,0,0,0,0,0,0,0,0,0,0,0,0,0,0,10,0,0,0,0,0,0,0,0,2,0,0,0,5,0,0,0,0,0,0,0,0,0,0,0,0,0,0,0,15,24,0,0,0,0,0,0,0,0,1,0,5,0,0,0,0,0,0,0,0,
DD,JL,Baja,Punta Morro,12 Whelk,M,12,0,NA,5/13/2023,6/24/2023,42,6,DD,DD,15,0,5,60,5,8,0,0,0,0,3,0,0,0,0,0,0,0,0,0,0,0,0,0,0,5,0,0,0,0,0,5,0,0,5,0,0,0,0,0,0,0,0,0,0,0,0,0,0,0,0,0,0,0,8,12,0,0,0,0,0,0,0,0,5,0,3,0,0,0,0,0,0,0,0,
DD,JL,Baja,Punta Morro,0 Whelk,M,0,0,NA,5/13/2023,6/24/2023,42,6,JL,JL,8,0,10,50,18,84,0,0,0,0,0,0,0,0,0,0,0,0,0,0,0,0,0,0,0,0,0,0,0,0,0,0,0,0,0,0,0,0,0.5,0,0,0,0,0,0,0,0,0,0,0,0,0,0,0,0,0,0,0,0,0,0,0,0,0,1,0,3,0.5,1,0,0,0,0,0,0,
DD,JL,Baja,Punta Morro,6 Whelk,M,6,0,NA,5/13/2023,6/24/2023,42,6,JL,JL,30,0,5,25,8,15,1,2,0,0,0,1,2,0,0,0,0,0,0,0,0,0,0,0,0,8,0,0,0,0,0,0,0,0,0,0,0,0,0,0,0,0,0,0,0,0,0,1,0,0,0,0,0,0,2,6,0,0,0,0,0,0,0,0,0.5,0,8,0.5,2,0,0.5,0,0,0,0,
DD,JL,Baja,Punta Morro,3 Whelk,M,3,0,NA,5/13/2023,6/24/2023,42,6,JL,JL,18,0.5,5,35,15,47,0,0,0,0,0,2,7,0,0,0,0,0,0,0,0,0,0,0,0,0.5,0,0,0,0,0,0,0,0,0,0,0,0,0,0,0,0,0,0,0,0,0,0,0,0,0,0,0,0,1,3,0,0,0,0,0,0,0,0,0.1,0,5,0.5,0.1,0,0.5,0,0,0,0,
DD,JL,Baja,Punta Morro,No Cage,M,9,0,NA,5/13/2023,6/24/2023,42,6,JL,JL,70,0,0,0,12,81,0,0,0,0,3,1,7,0,0,0,0,0,0,0,0,0,0,0,0,1,0,0,0,0,0,0,0,0,0,0,0,0,0,0,0,0,0,0,0,0,0,0.5,0,0,0,0,0,0,3,9,0,0,0,0,0,0,0,0,0.1,0,3,0.5,7,0,0,0,0,0,0,
DD,JL,Baja,Punta Morro,1 Whelk,M,1,0,NA,5/13/2023,6/24/2023,42,6,JL,JL,31,0,30,5,5,24,0,0,0,0,0,0,0,0,0,0,0,0,0,0,0,0,0,0,0,2,0,0,0,0,0,0,0.1,0,0,0,0,0,0,0,0,0,0,0,0,0,0,0.1,0,0,0,0,0,0,0.1,1,0,0,0,0,0,0,0,0,0.1,0,10,0.1,12,0,0.5,0,0,0,0,
DD,JL,Baja,Punta Morro,Partial,M,5,0,NA,5/13/2023,6/24/2023,42,6,JL,JL,77,0,5,60,4,9,0,0,0,0,0,0,0,0,0,0,0,0,0,0,0,0,0,0,0,0.5,0,0,0,0,0,0,0,0,0,0,0,0,0,0,0,0,0,0,0,0,0,0,0,0,0,0,0,0,2,5,0,0,0,0,0,0,0,0,0.5,0,3,0.5,0,0,0,0,0,0,0,
DD,JL,Baja,Campo Kennedy,24 Whelk,M,22,2,"134,135",5/12/2023,6/25/2023,43,6,JL,JL,50,0,3,35,2,4,0,0,0,0,10,10,34,0,0,0,0,0,0,0,0,0,0,0,0,0,2,0,0,0,0,0,0,5,2,0,0,0,0,0,0,0,0,0,0,0,0,0,0,0,0,0,0,0,12,22,0,0,0,0,0,0,0,0,1,0,3,0,0,0,0,0,0,0,0,
DD,JL,Baja,Campo Kennedy,12 Whelk,M,10,2,"136,137",5/12/2023,6/25/2023,43,6,JL,JL,20,0,8,32,0,0,0,0,0,0,5,15,47,0.5,1,0,0,0,0,0,0,0,0,0,0,0,0,0,0,0,0,0,0,10,0,0,0,0,0,0,0,0,0,0,0,0,0,0,0,0,0,0,0,0,8,10,0,0,0,0,0,0,0,0,2,0,2,0,0,0,0,0,0,0,0,
DD,JL,Baja,Campo Kennedy,6 Whelk,M,6,0,NA,5/12/2023,6/25/2023,43,6,JL,JL,50,0,5,30,1,2,0,0,0,0,3,10,36,0,0,0,0,0,0,0,0,0,0,0,0,0,0,0,0,0,0,0,0,0.5,1,0,0,0,0,0,0,0,0,0,0,0,0,0,0,0,0,0,0,0,2,6,0,0,0,0,0,0,0,0,5,0,1,0,0,0,0,0,0,0,0,
DD,JL,Baja,Campo Kennedy,3 Whelk,M,3,0,NA,5/12/2023,6/25/2023,43,6,JL,JL,40,0,13,37,3,5,0,0,0,0,0,5,22,0,0,0,0,0,0,0,0,0,0,0,0,1,0,0,0,0,0,0,0,0,0,0,0,0,0,0,0,0,0,0,0,0,0,0,0,0,0,0,0,0,1,3,0,0,0,0,0,0,0,0,1,0,1,0,0,0,1,0,0,0,0,
DD,JL,Baja,Campo Kennedy,No Cage,M,0,0,NA,5/12/2023,6/25/2023,43,6,JL,JL,60,0,1,10,3,11,0,0,0,0,2,18,75,0,0,0,0,0,0,0,0,0,0,0,0,0,0,0,0,0,0,0,4,0,0,0,0,0,0,0,0,0,0,0,0,0,0,0,0,0,0,0,0,0,0,0,0,0,0,0,0,0,0,0,0.5,0,0,0.5,2,0,0,0,0,0,0,
DD,JL,Baja,Campo Kennedy,1 Whelk,M,1,0,NA,5/12/2023,6/25/2023,43,6,JL,JL,55,0,10,30,0.1,1,0,0,0,0,4,25,176,0.1,2,0,0,0,0,0,0,0,0,0,0,0.5,0,0,0,0,0,0,7,0,0,0,0,0,0,0,0,0,0,0,0,0,0,0,0,0,0,0,0,0,0.1,1,0,0,0,0,0,0,0,0,0.5,0,0.1,0.5,0,0,1,0,0,0,0,
DD,JL,Baja,Campo Kennedy,0 Whelk,M,0,0,NA,5/12/2023,6/25/2023,43,6,JL,JL,55,0,42,3,3,0,0,0,0,0,15,20,80,0,0,0,0,0,0,0,0,0,0,0,0,0.5,0,0,0,0,0,0,7,0,0,0,0,0,0,0,0,0,0,0,0,0,0,0,0,0,0,0,0,0,0,0,0,0,0,0,0,0,0,0,0.5,0,0.1,0.5,0,0,0.5,0,0,0,0,
DD,JL,Baja,Campo Kennedy,Partial,M,6,0,NA,5/12/2023,6/25/2023,43,6,JL,JL,60,0,15,60,4,7,0,0,0,0,0,12,26,0,0,0,0,0,0,0,0,0,0,0,0,0,0,0,0,0,0,0,1,0,0,0,0,0,0,0,0,0,0,0,0,0,0,0,0,0,0,0,0,0,1,6,0,0,0,0,0,0,0,0,0.1,0,0.1,0.1,0,0,0.5,0,0,0,0,
RB,SS,SoCal,Dana Point,12 Whelk,M,12,0,NA,5/24/2023,7/7/2023,44,6,RB,KS,5,0,8,35,0,0,0,0,0,0,0,35,228,5,11,9,0,0,0,0,0,0,0,0.8,2,5,0,0,0,0,0,0.2,0.5,0,0,0,0,0,0.5,0,0,0,0,0,0,0,0,0,0,0,0,0,0.5,1,14,12,0,0,0,0,0,0,0,0,1,0,4,0.5,0,0,2,0,0,0,0,
RB,SS,SoCal,Dana Point,6 Whelk,M,6,0,NA,5/24/2023,7/7/2023,44,6,RB,KS,15,0,10,5,6,10,0,0,0,0,0,65,478,5,9,5,0.2,0,0,0,0,0,0,0,0,6,0,0,0,0,0,0.2,0.4,0,0,0,0,0,4,0,0,0,0,0,0,0,0,0,0,0,0,0,0.5,1,8,6,0,0,0,0,0,0,0,0,0,0,4,0.3,0,0,2,0,0,0,0,
RB,SS,SoCal,Dana Point,3 Whelk,M,3,0,NA,5/24/2023,7/7/2023,44,6,RB,KS,30,0,5,15,0,0,0,0,0,0,0,35,367,5,9,4,1,0,0,0,0,0,0,0,1,4,0,0,0,0,0,0,3,0.5,0,0,3,0,0,0,0,0,0,0,0,0,0,0,0,0,0,0,0,0,4,3,0,0,0,0,0,0,0,0,2,0,4,1,0,0,3,0,0,0,0,
RB,SS,SoCal,Dana Point,1 Whelk,M,1,0,NA,5/24/2023,7/7/2023,44,6,RB,KS,45,0,5,15,0,0,0,0,0,0,0,30,222,1,2,0,0.5,0,0,0,0,0,0,0,0,3,0,0,0,0,0,1,0.8,0,0,0,2,0,0,0,0,0,0,0,0,0,0,0,0,0,0,0,0.5,1,1,1,0,0,0,0,0,0,0,0,0.1,0,3,0.4,0,0,1,0,0,0,0,
RB,SS,SoCal,Dana Point,0 Whelk,M,0,0,NA,5/24/2023,7/7/2023,44,6,RB,KS,30,0,10,5,2,4,0,0,0,0,0,31,239,3,4,0,0.5,0,0,0,0,0,0,0,2,5,0,0,0,0,0,0,0.1,0,0,0,3,0,0,0,0,0,0,0,0,0,0,0,0,0,0,0,0,0,0,0,0,0,0,0,0,0,0,0,0.3,0,5,0.5,0,0,0,0,0,0,0,
RB,SS,SoCal,Dana Point,No Cage,M,0,0,NA,5/24/2023,7/7/2023,44,6,RB,KS,45,0,14,6,2,3,0,0,0,0,0,15,42,0,0,0,1,0,0,0,0,0,0,0,0,10,0,0,0,0,0,0,0,0.3,0,0,0,0,0,0,0,0,0,0,0,0,0,0,0,0,0,0,0,0,0,0,0,0,0,0,0,0,0,0,0.3,0,5,0.5,0,0,0,0,0,0,0,
RB,SS,SoCal,Dana Point,Partial,M,0,0,NA,5/24/2023,7/7/2023,44,6,RB,KS,15,0,10,10,5,6,0,0,0,0,0,42,289,1,2,0,0,0,0,0,0,0,0,0,0,20,0,0,0,0,2,1,0,0,0,0,0,0,0,0,0,0,0,0,0,0,0,0,0,0,0,0,2,4,0,0,0,0,0,0,0,0,0,0,0,3,2,1,0,0,4,0,0,0,0,
RB,SS,SoCal,Dana Point,12 Whelk,M,12,0,NA,5/24/2023,7/18/2023,55,8,RB,KS,10,0,10,35,0,0,0,0,0,0,0,30,203,5,8,7,0,0,0,0,0,0,0,0,0,5,0,0,0,0,0,0,0.3,0,0,0,0,0,0.5,0,0,0,0,0,0,0,0,0,0,0,0,0,1,3,14,12,0,0,0,0,0,0,0,0,0.3,0,6,0.5,0,0,3,0,0,0,0,
RB,SS,SoCal,Dana Point,3 Whelk,M,3,0,NA,5/24/2023,7/18/2023,55,8,RB,KS,20,0,2,13,0,0,0,0,0,0,0,38,257,2,3,2,0.5,0,0,0,0,0,0,0,2,3,0,0,0,0,0,0.5,0.3,2,0,0,0,0,5,0,0,0,0,0,0,0,0,0,0,0,0,0,0,0,4,3,0,0,0,0,0,0,0,0,0.4,0,4,0.2,0,0,1,0,0,0,0,
RB,SS,SoCal,Dana Point,6 Whelk,M,5,0,NA,5/24/2023,7/18/2023,55,8,RB,KS,15,0,14,6,8,10,0,0,0,0,0,60,450,5,9,7,0,0,0,0,0,0,0,0,0,2,0,0,0,0,0,0.5,0,0.3,0,0,0,0,8,0,0,0,0,0,0,0,0,0,0,0,0,0,0,0,6,5,0,0,0,0,0,0,0,0,0.1,0,3,0.5,0,0,1,0,0,0,0,
RB,SS,SoCal,Dana Point,1 Whelk,M,1,0,NA,5/24/2023,7/18/2023,55,8,RB,KS,40,0,10,10,0,0,0,0,0,0,0,35,182,0,0,0,0.5,0,0,0,0,0,0,0,0,0,0,0,0,0,0,0.5,0.2,0,0,0,0,0,5,0,0,0,0,0,0,0,0,0,0,0,0,0,0,0,1,1,0,0,0,0,0,0,0,0,0,0,3,0.6,0,0,0,0,0,0,0,
RB,SS,SoCal,Dana Point,0 Whelk,M,0,0,NA,5/24/2023,7/18/2023,55,8,RB,KS,40,0,18,2,2,4,0,0,0,0,0,33,210,2,2,0,0,0,0,0,0,0,0,0,0.5,4,0,0,0,0,0,0.5,0,0,0,0,0,0,4,0,0,0,0,0,0,0,0,0,0,0,0,0,0.5,1,0,0,0,0,0,0,0,0,0,0,0.3,0,5,0,0,0,0.5,0,0,0,0,
RB,SS,SoCal,Dana Point,Partial,M,0,0,NA,5/24/2023,7/18/2023,55,8,RB,KS,25,0,15,3,4,7,0,0,0,0,0,40,184,0,0,0,0,0,0,0,0,0,0,0,0,25,0,0,0,0,2,0.5,1,1,0,0,0,0,0,0,0,0,0,0,0,0,0,0,0,0,0,0,0.5,1,0,0,0,0,0,0,0,0,0,0,0.4,0,4,0.5,0,0,4,0,0,0,0,
RB,SS,SoCal,Dana Point,No Cage,M,0,0,NA,5/24/2023,7/18/2023,55,8,RB,KS,45,0,15,5,2,3,0,0,0,0,0,25,40,0,0,0,0.5,0,0,0,0,0,0,0,0,12,0,0,0,0,0,0,0.8,0.8,0,0,0,0,0,0,0,0,0,0,0,0,0,0,0,0,0,0,0.3,1,0,0,0,0,0,0,0,0,0,0,0.2,0,3,0.5,0,0,0,0,0,0,0,
RB,SS,SoCal,Scripps,12 Whelk,M,12,0,NA,5/29/2023,7/8/2023,40,6,RB,HH,60,0,3,7,15,49,0,0,0,0,0,6,12,2,2,2,0,8,29,5,7,7,0,0,0,15,0,0,0,0,0,0,0,0,0,0,0,0,6,0,0,0,0,0,0,0,0,0,0,0,0,0,0,0,14,12,0,0,0,0,0,0,0,0,4,0.5,0.5,0.8,3,0,2,0,0,0,0,
RB,SS,SoCal,Scripps,6 Whelk,M,6,0,NA,5/29/2023,7/8/2023,40,6,RB,HH,45,0,2,13,0.5,3,0,0,0,0,0,6,10,0,0,0,1,5,12,1,4,3,0,0,0,25,0,0,0,0,0,0,0,0,0,0,0,0,0.5,0,0,0,0,0,0,0,0,0,0,0,0,0,0,0,8,6,0,0,0,0,0,0,0,0,0.8,4,1,3,0,0,2,0,0,0,0,
RB,SS,SoCal,Scripps,3 Whelk,M,3,0,NA,5/29/2023,7/8/2023,40,6,RB,HH,30,0,3,12,0.5,1,0,0,0,0,0,6,9,0,0,0,0,6,19,1,1,0,0,0,0,45,0,0,0,0,0,0,0,0,0,0,0,0,0,0,0,0,0,0,0,0,0,0,0,0,0,0,0,0,5,3,0,0,0,0,0,0,0,0,0.8,1,0,2,0,0,0.7,0,0,0,0,
RB,SS,SoCal,Scripps,1 Whelk,M,1,0,NA,5/29/2023,7/8/2023,40,6,RB,HH,45,0,10,15,0,0,0,0,0,0,0,0,0,0,0,0,0,4,9,0,0,0,0,0,0,5,0,0,0,0,0,0.5,0,0,0,0,0,0,3,0,0,0,0,0,0,0,0,0,0,0,0,0,0,0,1,1,0,0,0,0,0,0,0,0,6,0,0,5,0,0,1,0,0,0,0,
RB,SS,SoCal,Scripps,No Cage,M,0,0,NA,5/29/2023,7/8/2023,40,6,RB,HH,45,0,5,5,0,0,0,0,0,0,0,5,7,0,0,0,0,10,21,0,0,0,0,0,0,35,0,0,0,0,0,0,0,0,0,0,0,0,0,0,0,0,0,0,0,0,0,0,0,0,0,0,0,0,0,0,0,0,0,0,0,0,0,0,3,0,0,4,0,0,0,0,0,0,0,
RB,SS,SoCal,Scripps,0 Whelk,M,0,0,NA,5/29/2023,7/8/2023,40,6,RB,HH,35,0,12,13,3,8,0,0,0,0,0,4,10,0,0,0,0,6,26,0,0,0,0,2,0,20,0,0,0,0,0,4,0,0,0,0,0,0,0.5,0,0,0,0,0,0,0,0,0,0,0,0,0,0,0,0,0,0,0,0,0,0,0,0,0,4,0,2,4,0,0,0,0,0,0,0,
RB,SS,SoCal,Scripps,Partial,M,0,0,NA,5/29/2023,7/8/2023,40,6,RB,HH,45,0,10,15,0.5,1,0,0,0,0,0,9,30,0,0,0,0,7,21,0,0,0,0,0,0,12,0,0,0,0,0,0,0,0,0,0,0,0,2,0,0,0,0,0,0,0,0,0,0,0,0,0,0,0,0,0,0,0,0,0,0,0,0,0,6,0,2,5,3,0,0,0,0,0,0,
RB,SS,SoCal,Scripps,6 Whelk,M,6,0,NA,5/29/2023,7/20/2023,52,8,RB,EN,50,0,2,13,1,2,0,0,0,0,0,8,11,1,1,1,0.5,6,12,3,3,3,0,0,0,25,0,0,0,0,0,0,0,0,0,0,0,0,1,0,0,0,0,0,0,0,0,0,0,0,0,0,0,0,8,6,0,0,0,0,0,0,0,0,0.5,4,1,4,0,0,2,0,0,0,0,
RB,SS,SoCal,Scripps,12 Whelk,M,12,0,NA,5/29/2023,7/20/2023,52,8,RB,EN,40,0,1,8,15,52,0,0,0,0,0,8,11,2,1,1,0,7,29,5,13,10,0,0,0,15,0,0,0,0,0,0,0,3,0,0,0,0,7,0,0,0,0,0,0,0,0,0,0,0,0,0,0,0,13,12,0,0,0,0,0,0,0,0,0.3,1,2,1,2,0,2,0,0,0,0,
RB,SS,SoCal,Scripps,1 Whelk,M,1,0,NA,5/29/2023,7/20/2023,52,8,RB,EN,45,0,10,20,0,0,0,0,0,0,0,0,0,0,0,0,1,4,11,0,0,0,0,0,0,4,0,0,0,0,0,0.8,0,0,0,0,0,0,3,0,0,0,0,0,0,0,0,0,0,0,0,0,0,0,1,1,0,0,0,0,0,0,0,0,6,0,1,5,0,0,0,0,0,0,0,
RB,SS,SoCal,Scripps,3 Whelk,M,2,0,NA,5/29/2023,7/20/2023,52,8,RB,EN,30,0,1,14,0.5,1,0,0,0,0,0,5,7,0,0,0,0.2,10,26,1,2,1,0,0,0,45,0,0,0,0,0,0,0,0,0,0,0,0,0,0,0,0,0,0,0,0,0,0,0,0,0,0,0,0,2,2,0,0,0,0,0,0,0,0,2,2,0,3,0,0,0,0,0,0,0,
RB,SS,SoCal,Scripps,Partial,M,0,0,NA,5/29/2023,7/20/2023,52,8,RB,EN,40,0,14,6,0.5,1,0,0,0,0,0,8,26,0,0,0,0,6,33,0,0,0,0,0,0,15,0,0,0,0,0,0,0.5,0.5,0,0,0,0,0,0,0,0,0,0,0,0,0,0,0,0,0,0,0,0,0,0,0,0,0,0,0,0,0,0,5,3,0,5,2,0,1,0,0,0,0,
RB,SS,SoCal,Scripps,No Cage,M,0,0,NA,5/29/2023,7/20/2023,52,8,RB,EN,40,0,6,4,1,2,0,0,0,0,0,4,6,0,0,0,0,8,24,0,0,0,0,0,0,35,0,0,0,0,0,0,0,0,0,0,0,0,0,0,0,0,0,0,0,0,0,0,0,0,0,0,0,0,0,0,0,0,0,0,0,0,0,0,4,3,0,6,0,0,0,0,0,0,0,
RB,SS,SoCal,Scripps,0 Whelk,M,0,0,NA,5/29/2023,7/20/2023,52,8,RB,EN,30,0,13,9,3,8,0,0,0,0,0,7,10,0,0,0,0,8,26,0,0,0,0,2,0,22,0,0,0,0,0,0,0,0,0,0,0,0,0.5,0,0,0,0,0,0,0,0,0,0,0,0,0,0,0,0,0,0,0,0,0,0,0,0,0,4,0,3,5,0,0,2,0,0,0,0,
RB,SS,SoCal,Scripps,12 Whelk,As,12,12,"355, 358, 229, 354, 350, 352, 356, 227, 353, 228, 351, 235",7/21/2023,7/21/2023,0,0,RB,EN,20,0,40,5,0,0,0,0,0,0,0,0,0,0,0,0,0,0,0,0,0,0,0,0,0,0,0,0,0,0,0,0,25,0,0,0,0,0,1,0,0,0,0,0,0,0,0,0,0,0,0,0,0,0,0,0,0,0,0,0,0,0,0,0,0,0,0,8,0,0,0,0,0,0,0,
RB,SS,SoCal,Scripps,3 Whelk,As,3,3,"359, 232, 231",7/21/2023,7/21/2023,0,0,RB,EN,25,0,55,5,0,0,0,0,0,0,0.5,0,0,0,0,0,0.2,0,0,0,0,0,0,0,0,2,0,0,0,0,0,0,0,0,0,0,0,0,0,0,0,0,0,0,0,0,0,0,0,0,0,0,0,0,0,0,0,0,0,0,0,0,0,0,0,0,6,7,0,0,0,0,0,0,0,
RB,SS,SoCal,Scripps,1 Whelk,As,1,1,230,7/21/2023,7/21/2023,0,0,RB,EN,30,0,47,3,0,0,0,0,0,0,2,0,0,0,0,0,0,0,0,0,0,0,0,0,0,0.5,0,0,0,0,0,3,0,0,1,0,0,0,0,0,0,0,0,0,0,0,0,0,0,0,0,0,0,0,0,0,0,0,0,0,0,0,0,0.5,0.1,0,2,9,4,0,0,0,0,0,0,
RB,SS,SoCal,Scripps,No Cage,As,4,0,NA,7/21/2023,7/21/2023,0,0,RB,EN,40,0,28,2,0,0,0,0,0,0,0,0,0,0,0,0,0,0,0,0,0,0,0,0,0,16,0,0,0,0,0,0,6,0,0,0,0,0,0,0,0,0,0,0,0,0,0,0,0,0,0,0,2,4,0,0,0,0,0,0,0,0,0,0,0,0,2,8,0,0,0,0,0,0,0,
RB,SS,SoCal,Scripps,Partial,As,1,0,NA,7/21/2023,7/21/2023,0,0,RB,EN,35,0,45,10,0,0,0,0,0,0,0,0,0,0,0,0,0,0,0,0,0,0,0,0,0,0,0,0,0,0,0,0,0,0,0,0,0,0,0,0,0,0,0,0,0,0,0,0,0,0,0,0,0.5,1,0,0,0,0,0,0,0,0,0,0,0,0,2,6,2,0,0,0,0,0,0,
RB,SS,SoCal,Scripps,6 Whelk,As,6,6,"237, 238, 236, 239, 234, 233",7/21/2023,7/21/2023,0,0,RB,EN,35,0,45,15,0,0,0,0,0,0.4,0,0,0,0,0,0,0,0,0,0,0,0,0,0,0,0,0,0,0,0,0,0,0,0,0,0,0,0,0,0,0,0,0,0,0,0,0,0,0,0,0,0,0,0,0,0,0,0,0,0,0,0,0,0,0.1,0,1,6,0,0,0,0,0,0,0,
RB,SS,SoCal,Scripps,0 Whelk,As,0,0,NA,7/21/2023,7/21/2023,0,0,RB,EN,15,0,65,15,0,0,0,0,0,0,0,0,0,0,0,0,0,0,0,0,0,0,0,0,0,0,0,0,0,0,0,0,0,0,0,0,0,0,0,0,0,0,0,0,0,0,0,0,0,0,0,0,0,0,0,0,0,0,0,0,0,0,0,0,0.5,0,2,3,0,0,0,0,0,0,0,
RB,SS,SoCal,Dana Point,No Cage,As,0,0,NA,7/19/2023,7/19/2023,0,0,RB,RB,5,0,65,5,0,0,0,0,0,0,0,0,0,0,0,0,0,0,0,0,0,0,0,0,0,2,0,0,0,0,0,0,20,0,0,0,0,0,0,0,0,0,0,0,0,0,0,0,0,0,0,0,0,0,0,0,0,0,0,0,0,0,0,0,0,1,0,3,0,0,0,0,0,0,0,
RB,SS,SoCal,Dana Point,Partial,As,0,0,NA,7/19/2023,7/19/2023,0,0,RB,RB,35,0,55,5,0,0,0,0,0,0,0,0,0,0,0,0,0,0,0,0,0,0,0,0,0,0,0,0,0,0,0,0,5,1,0,0,0,0,1,0,0,0,0,0,0,0,0,0,0,0,0,0,0,0,0,0,0,0,0,0,0,0,0,0,0,0,0,5,0,0,0,0,0,0,0,
RB,SS,SoCal,Dana Point,0 Whelk,As,0,0,NA,7/19/2023,7/19/2023,0,0,RB,RB,10,0,70,10,0,0,0,0,0,0,1,0,0,0,0,0,0,0,0,0,0,0,0,0,0,0,0,0,0,0,0,0,0,5,0,0,0,0,0,0,0,0,0,0,0,10,0,10,0,0,0,0,0,0,0,0,0,0,0,0,0,0,0,0,0,0,0,4,0,0,0,0,0,0,0,
RB,SS,SoCal,Dana Point,1 Whelk,As,1,1,225,7/19/2023,7/19/2023,0,0,RB,RB,30,0,50,10,0,0,0,0,0,0,0,0,0,0,0,0,0,0,0,0,0,0,0,0,0,0,0,0,0,0,0,0,0,0,0,0,0,0,5,0,0,0,0,0,0,0,0,2,0,0,0,0,0.5,1,0,0,0,0,0,0,0,0,0,0,0,2,2,3,0,0,0,0,0,0,0,
RB,SS,SoCal,Dana Point,3 Whelk,As,3,3,"226, 349, 220",7/19/2023,7/19/2023,0,0,RB,RB,20,0,60,5,0,0,0,0,0,0,0,0,0,0,0,0,2,0,0,0,0,0,0,0,0,0,0,0,0,0,0,0,0,7,0,0,0,0,3,0,0,0,0,0,0,0,0,0,0,0,0,0,2,3,0,0,0,0,0,0,0,0,0,0,0,0,0,2,0,0,0,0,0,0,0,
RB,SS,SoCal,Dana Point,12 Whelk,As,12,12,"338, 336, 339, 337, 216, 341, 342, 219, 340, 343, 215, 218",7/19/2023,7/19/2023,0,0,RB,RB,10,0,65,10,0,0,0,0,0,0,0,2,2,0,0,0,0.5,0,0,0,0,0,0,0,0,0,0,0,0,0,0,0,3,0,0,0,0,0,2,0,0,0,0,0,0,0,0,0,0,0,0,0,10,12,0,0,0,0,0,0,0,0,0,0,0.4,0,1,4,0,0,0,0,0,0,0,
RB,SS,SoCal,Dana Point,6 Whelk,As,3,6,"346, 347, 344, 345, 217, 348",7/19/2023,7/19/2023,0,0,RB,RB,30,0,40,5,0,0,0,0,0,0,0,5,6,0,0,0,0,0,0,0,0,0,0,0,0,6,0,0,4,0,0,0,0,1,0,0,0,0,0,0,0,0,0,0,0,0,0,0,0,0,0,0,5,6,0,0,0,0,0,0,0,0,0,0,0.2,0,1,1,0,0,0,0,0,0,0,
RB,SS,SoCal,Dana Point,12 Whelk,As,9,9,"360, 361, 362, 363, 364, 365, 366, 368, 396",7/19/2023,8/3/2023,15,2,RB,RB,10,0,60,15,0,0,0,0,0,0,0,1,1,0,0,0,0,0,0,0,0,0,0,0,0,0.4,0,0,0,0,0,0,10,0,0,0,0,0,7,0,0,0,0,0,0,0,0,0,0,0,0,0,6,9,0,0,0,0,0,0,0,0,0,0,0.2,0,0.5,5,0,0,0.4,0,0,0,0,6 of the whelks initially in the cage were not tagged. All untagged whelks removed and 9 tagged whelks replaced
RB,SS,SoCal,Dana Point,0 Whelk,As,0,0,NA,7/19/2023,8/3/2023,15,2,RB,RB,15,0,60,10,0,0,0,0,0,0,2,0,0,0,0,0,0,0,0,0,0,0,0,0,0,0,0,0,0,0,0,0,8,0,0,0,0,0,0.5,0,2,0,0,0,0,20,0,15,0,0,0,0,0,0,0,0,0,0,0,0,0,0,0,0,0,1,0,4,0,0,0,0,0,0,0,
RB,SS,SoCal,Dana Point,1 Whelk,As,0,1,NA,7/19/2023,8/3/2023,15,2,RB,RB,25,0,50,15,0,0,0,0,0,0,0,0,0,0,0,0,0,0,0,0,0,0,0,0,0,0,0,0,0,0,0,0,0,0,0,0,0,0,6,0,0,0,0,0,0,0,0,2,0,0,0,0,0,0,0,0,0,0,0,0,0,0,0,0,0,2,0,3,0,0,0,0,0,0,0,
RB,SS,SoCal,Dana Point,3 Whelk,As,0,3,"395, 397, 399",7/19/2023,8/3/2023,15,2,RB,RB,20,0,63,7,0,0,0,0,0,0,0,0,0,0,0,0,3,0,0,0,0,0,0,0,0,0,0,0,0,0,0,0,4,0,0,0,0,0,0,0,0,0,0,0,0,0,0,0.3,0,0,0,0,0,0,0,0,0,0,0,0,0,0,0,0,0,0,0.7,5,0,0,1,0,0,0,0,
RB,SS,SoCal,Dana Point,6 Whelk,As,4,2,"392, 393",7/19/2023,8/3/2023,15,2,RB,RB,25,0,38,7,0,0,0,0,0,0.4,0,4,6,0,0,0,0,0,0,0,0,0,0,0,4,8,0,0,0,0,0,0,0,1,0,0,0,0,0.5,0,0,0,0,0,0,0,0,0.2,0,0,0,0,2,4,0,0,0,0,0,0,0,0,0,0,0.3,0,0.5,6,0,0,2,0,0,0,0,"1 tagged whelk found and replaced in cage, so only added 2 new whelks"
RB,SS,SoCal,Dana Point,Partial,As,2,0,NA,7/19/2023,8/3/2023,15,2,RB,RB,30,0,53,7,0,0,0,0,0,0.3,0,0,0,0,0,0,0,0,0,0,0,0,0,0,0,0,0,0,0,0,0,0,10,0,0,0,0,0,0,0,0,0,0,0,0,0,0,0,0,0,0,0,2,2,0,0,0,0,0,0,0,0,0,0,0,0,0,4,0,0,3,0,0,0,0,
RB,SS,SoCal,Dana Point,No Cage,As,0,0,NA,7/19/2023,8/3/2023,15,2,RB,RB,10,0,60,5,0,0,0,0,0,0,0,0,0,0,0,0,0,0,0,0,0,0,0,0,0,0.5,0,0,0,0,0,0,20,0,0,0,0,0,0,0,0,0,0,0,0,0,0,0.3,0,0,0,0,0,0,0,0,0,0,0,0,0,0,0,0,0,0,0.4,4,0,0,0,0,0,0,0,
RB,SS,SoCal,Scripps,12 Whelk,As,12,4,"371, 372, 373, 374",7/21/2023,8/4/2023,14,2,RB,JO,20,0,35,10,0,0,0,0,0,0,0,0,0,0,0,0,0,0,0,0,0,0,0,0,0,1,0,0,0,0,0,0,20,0,0,0,0,0,6,0,0,0,0,0,0,0,0,18,0,0,0,0,10,12,0,0,0,0,0,0,0,0,0,0,0,0,0.7,5,0,0,0,0,0,0,0,"4 of 12 whelks untagged at survey, were tagged"
RB,SS,SoCal,Scripps,1 Whelk,As,1,0,NA,7/21/2023,8/4/2023,14,2,RB,JO,35,0,45,5,0,0,0,0,0,0,2,0,0,0,0,0,0,0,0,0,0,0,0,0,0,1,0,0,0,0,3,0,0,1,0,0,0,0,0,0,0,0,0,0,0,0,0,15,0,0,0,0,0.5,1,0,0,0,0,0,0,0,0,0,1,0.1,0,2,7,2,0,0,0,0,0,0,
RB,SS,SoCal,Scripps,3 Whelk,As,2,1,375,7/21/2023,8/4/2023,14,2,RB,JO,20,0,50,15,0,0,0,0,0,0.5,0.5,0,0,0,0,0,0,0,0,0,0,0,0,0,0.5,1,0,0,0,0,0,0,0,0,0,0,0,0,0,0,0,0,0,0,0,0,0,0,0,0,0,0,1,2,0,0,0,0,0,0,0,0,0,0,0.1,0,7,3,0,0,3,0,0,0,0,
RB,SS,SoCal,Scripps,6 Whelk,As,5,1,376,7/21/2023,8/4/2023,14,2,RB,JO,30,0,25,15,0,0,0,0,0,0.5,0,0,0,0,0,0,0,0,0,0,0,0,0,0,0,2,0,0,0,0,0,0,0.3,0,0,0,0,0,0,0,0,0,0,0,0,0,0,35,0,0,0,0,4,5,0,0,0,0,0,0,0,0,0,0,3,0,1,5,0,0,0,0,0,0,0,
RB,SS,SoCal,Scripps,Partial,As,1,0,NA,7/21/2023,8/4/2023,14,2,RB,JO,40,0,45,5,0,0,0,0,0,0,0,0,0,0,0,0,0,0,0,0,0,0,0,0,0,0,0,0,0,0,0,0,0,0,0,0,0,0,0,0,0,0,0,0,0,0,0,0,0,0,0,0,0.5,1,0,0,0,0,0,0,0,0,0,0,0,0,3,5,0,0,0,0,0,0,0,
RB,SS,SoCal,Scripps,No Cage,As,3,0,NA,7/21/2023,8/4/2023,14,2,RB,JO,45,0,17,3,0,0,0,0,0,0,0.5,0,0,0,0,0,0,0,0,0,0,0,0,0,0,18,0,0,0,0,0,0,7,0,0,0,0,0,0,0,0,0,0,0,0,0,0,0,0,0,0,0,2,3,0,0,0,0,0,0,0,0,0,0,0,0,3,4,0,0,0,0,0,0,0,
RB,SS,SoCal,Scripps,0 Whelk,As,2,-2,NA,7/21/2023,8/4/2023,14,2,RB,JO,10,0,68,7,0,0,0,0,0,0,0,0,0,0,0,0,0,0,0,0,0,0,0,0,0,0,0,0,0,0,0,0,0,0,0,0,0,0,0,0,0,0,0,0,0,0,0,45,0,0,0,0,1,2,0,0,0,0,0,0,0,0,0,0,0.4,0,1,2,0,0.3,0,0,0,0,0,
RB,SS,SoCal,Dana Point,0 Whelk,As,0,0,NA,7/19/2023,8/16/2023,28,4,RB,RB,4,0,65,10,0,0,0,0,0,0,2,0,0,0,0,0,0,0,0,0,0,0,0,0,0,0,0,0,0,0,0,0,10,0,0,0,0,0,0,0,6,0,0,0,0,15,0,20,0,0,0,0,0,0,0,0,0,0,0,0,0,0,0,0,0,2,0,2,0,0,1,0,0,0,0,
RB,SS,SoCal,Dana Point,1 Whelk,As,1,0,NA,7/19/2023,8/16/2023,28,4,RB,RB,20,0,50,10,0,0,0,0,0,0,0,0,0,0,0,0,0,0,0,0,0,0,0,0,0,0.5,0,0,0,0,0,0,0,0,0,0,1,0,10,0,2,0,0,0,0,0,0,1,0,0,0,0,0.5,1,0,0,0,0,0,0,0,0,0,0,0,2,0,6,0,0,2,0,0,0,0,
RB,SS,SoCal,Dana Point,3 Whelk,As,3,0,NA,7/19/2023,8/16/2023,28,4,RB,RB,10,0,60,10,0,0,0,0,0,0,0,0,0,0,0,0,3,0,0,0,0,0,0,0,0,0,0,0,0,0,0,0,2,0,0,0,0,0,6,0,1,0,0,0,0,0,0,3,0,0,0,0,2,3,0,0,0,0,0,0,0,0,0,0,0,0,3,1,0,0,3,0,0,0,0,
RB,SS,SoCal,Dana Point,No Cage,As,1,0,NA,7/19/2023,8/16/2023,28,4,RB,RB,5,0,60,5,0,0,0,0,0,0,0,0,0,0,0,0,0,0,0,0,0,0,0,0,0,0.5,0,0,0,0,0,0,20,0,0,0,0,0,1,0,0,0,0,0,0,0,0,0,0,0,0,0,0.5,1,0,0,0,0,0,0,0,0,0,0,0,0,0,1,0,0.5,0,0,0,0,0,
RB,SS,SoCal,Dana Point,Partial,As,2,0,NA,7/19/2023,8/16/2023,28,4,RB,RB,25,0,50,10,0,0,0,0,0,0,0,0,0,0,0,0,0,0,0,0,0,0,0,0,0,0,0,0,0,0,0,0,9,0,0,0,0,0,0,0,0,0,0,0,0,0,0,0.5,0,0,0,0,2,2,0,0,0,0,0,0,0,0,0,0,0,2,0,3,0,0,0,0,0,0,0,
RB,SS,SoCal,Dana Point,6 Whelk,As,6,0,NA,7/19/2023,8/16/2023,28,4,RB,RB,30,0,30,15,0,0,0,0,0,1,0,4,6,0,0,0,0.5,0,0,0,0,0,0,0,5,8,0,0,0,0,0,0,0,1,0,0,0,0,0,0,0.3,0,0,0,0,0,0,0,0,0,0,0,5,6,0,0,0,0,0,0,0,0,0,0,0.1,0,0,0,0,0,4,0,0,0,0,
RB,SS,SoCal,Dana Point,12 Whelk,As,6,6,"378, 379",7/19/2023,8/16/2023,28,4,RB,RB,10,0,50,25,0,0,0,0,0,0,0,1,1,0,0,0,0,0,0,0,0,0,0,0,0,0.5,0,0,0,0,0,0,6,0,0,0,0,0,8,0,0,0,0,0,0,0,0,0.2,0,0,0,0,4,6,0,0,0,0,0,0,0,0,0,0,0.3,0.8,1,4,0,0,3,0,0,0,0,
RB,SS,SoCal,Scripps,12 Whelk,As,13,-1,NA,7/21/2023,8/18/2023,28,4,RB,RB,15,0,30,15,0,0,0,0,0,0,0,0,0,0,0,0,0,0,0,0,0,0,0,0,0,0.5,0,0,0,0,0,0,15,0,0,0,0,0,10,0,0,0.2,0,0,0,0,0,15,0,0,0,0,11,13,0,0,0,0,0,0,0,0,0,0,0,0,2,3,0,0,0,0,0,0,0,Found an extra tagged whelk in the cage
RB,SS,SoCal,Scripps,1 Whelk,As,1,0,NA,7/21/2023,8/18/2023,28,4,RB,RB,30,0,40,5,0,0,0,0,0,0,2,0,0,0,0,0,0,0,0,0,0,0,0,0,0,1,0,0,0,0,4,0,0,1,0,0,0,0,1,0,0,0,0,0,0,0,0,12,0,0,0,0,0.5,1,0,0,0,0,0,0,0,0,0,1,0,0.8,3,4,2,0,0,0,0,0,0,
RB,SS,SoCal,Scripps,3 Whelk,As,3,0,NA,7/21/2023,8/18/2023,28,4,RB,RB,20,0,50,15,0,0,0,0,0,0,0.3,0,0,0,0,0,0.5,0,0,0,0,0,0,0,0.5,3,0,0,0,0,0,0,0,0,0,0,0,0,0,0,0,0,0,0,0,0,0,0,0,0,0,0,2,3,0,0,0,0,0,0,0,0,0,0,0.2,0,6,4,0,0,2,0,0,0,0,
RB,SS,SoCal,Scripps,No Cage,As,1,0,NA,7/21/2023,8/18/2023,28,4,RB,RB,50,0,18,2,0,0,0,0,0,0,1,0,0,0,0,0,0,0,0,0,0,0,0,0,0,18,0,0,0,0,0,0,6,0,0,0,0,0,0,0,0,0,0,0,0,0,0,0,0,0,0,0,0.5,1,0,0,0,0,0,0,0,0,0,0,0,0,1,6,2,0,0,0,0,0,0,
RB,SS,SoCal,Scripps,Partial,As,3,0,NA,7/21/2023,8/18/2023,28,4,RB,RB,45,0,35,5,0,0,0,0,0,0,0,0,0,0,0,0,0,0,0,0,0,0,0,0,0,0,0,0,0,0,0,0,0,0,0,0,0,0,0,0,0,0,0,0,0,0,0,6,0,0,0,0,0.5,3,0,0,0,0,0,0,0,0,0,0,0,0,5,4,2,0,0,0,0,0,0,All whelks very small (<10 mm)
RB,SS,SoCal,Scripps,6 Whelk,As,6,0,377,7/21/2023,8/18/2023,28,4,RB,RB,20,0,20,20,0,0,0,0,0,0,0,0,0,0,0,0,0,0,0,0,0,0,0,0,0,0.8,0,0,0,0,0,0,0,0,0,0,0,0,0,0,0,0.1,0,0,0,3,0,35,0,0,0,0,5,6,0,0,0,0,0,0,0,0,0,0.3,0.1,0,0.9,4,0,0,0,0,0,0,0,"6 whelks in cage, but only 5 tagged. 1 tagged whelk added and untagged whelk removed"
RB,SS,SoCal,Scripps,0 Whelk,As,0,0,NA,7/21/2023,8/18/2023,28,4,RB,RB,5,0,65,10,0,0,0,0,0,0,0,0,0,0,0,0,0,0,0,0,0,0,0,0,0,0.7,0,0,0,0,0,0,0,0,0,0,0,0.2,7,0,0,0,0,0,0,0.3,0,45,0,0,0,0,0,0,0,0,0,0,0,0,0,0,0,0.2,0,0,0,0,0,0.3,0.1,0,0,0,0,
RB,SS,SoCal,Dana Point,6 Whelk,As,5,1,381,7/19/2023,8/31/2023,43,6,RB,JO,20,0,30,10,0,0,0,0,0,0,0,4,6,0,0,0,0,0,0,0,0,0,0,0,0,6,0,0,3,0,0,3,0,0,5,0,0.8,0,0,0,3,0,0,0,0,0,0,0.6,0,30,0,0,4,5,0,0,0,0,0,0,0,0,0,0,0,0,1,6,0,0.5,4,0,0,0,0,Large layer of biofilm in qudrat
RB,SS,SoCal,Dana Point,12 Whelk,As,12,0,NA,7/19/2023,8/31/2023,43,6,RB,JO,15,0,25,35,0,0,0,0,0,0,0,1,1,0,0,0,0,0,0,0,0,0,0,0,0,0.5,0,0,0,0,0,0,4,0,1,0,1,0,12,0,0.1,0,0,0,0,0,0,2,0,0,0,0,10,12,0,0,0,0,0,0,0,0,0,0,0.2,4,1,4,0,0,1,0,0,0,0,
RB,SS,SoCal,Dana Point,3 Whelk,As,3,0,NA,7/19/2023,8/31/2023,43,6,RB,JO,10,0,50,20,0,0,0,0,0,0,0,0,0,0,0,0,2,0,0,0,0,0,0,0,0,0.5,0,0,0,0,0,0,0,0,4,0,0,0,8,0,3,0,0,0,0,0,0,6,0,0,0,0,2,3,0,0,0,0,0,0,0,0,0,0,0,0,0.5,2,0,0,2,0,0,0,0,
RB,SS,SoCal,Dana Point,1 Whelk,As,1,1,380,7/19/2023,8/31/2023,43,6,RB,JO,20,0,47,13,0,0,0,0,0,0,0,0,0,0,0,0,0,0,0,0,0,0,0,0,0,0.5,0,0,0,0,0,0,0,0,0,0,1,0,10,0,0,0,0,0,0,0,0,2,0,0,0,0,0.6,1,0,0,0,0,0,0,0,0,0,0,0,2,0,3,0,0,0,0,0,0,0,1 untagged whelk released and replaced with 1 tagged whelk
RB,SS,SoCal,Dana Point,0 Whelk,As,1,0,NA,7/19/2023,8/31/2023,43,6,RB,JO,5,0,60,5,0,0,0,0,0,0,2,0,0,0,0,0,0,0,0,0,0,0,0,0,0,0,0,0,0,0,0.2,2,0,0,10,0,0,0,0,0,5,0,0,0,0,15,0,30,0,0,0,0,0.5,1,0,0,0,0,0,0,0,0,0,0,0,0.5,0,0.3,0,0,0,0,0,0,0,"Cage heavily fouled at survey, cleaned"
RB,SS,SoCal,Dana Point,Partial,As,1,0,NA,7/19/2023,8/31/2023,43,6,RB,JO,25,0,40,20,0,0,0,0,0,0,0,0,0,0,0,0,0,0,0,0,0,0,0,0,0,0,0,0,0,0,0,0,9,0,0,0,0,0,6,0,0,0,0,0,0,0,0,3,0,0,0,0,0.5,1,0,0,0,0,0,0,0,0,0,0,0,0,0,3,0,0,0,0,0,0,0,
RB,SS,SoCal,Dana Point,No Cage,As,0,0,NA,7/19/2023,8/31/2023,43,6,RB,JO,7,0,60,5,0,0,0,0,0,0,0,0,0,0,0,0,0,0,0,0,0,0,0,0,0,0.5,0,0,0,0,0,0,20,0,0,0,0,0,3,0,1,0,0,0,0,0,0,2,0,0,0,0,0,0,0,0,0,0,0,0,0,0,0,0,0,0,0,2,0,0,0,0,0,0,0,
RB,SS,SoCal,Scripps,12 Whelk,As,12,0,NA,7/21/2023,9/1/2023,42,6,RB,ZR,15,0,10,35,0,0,0,0,0,0,0,0,0,0,0,0,0,0,0,0,0,0,0,0,0,0.8,0,0,0,0,0,0,25,0,0,15,0,0.2,7,3,0,0,0,0,0,2,0,12,0,0,0,0,10,12,0,0,0,0,0,0,0,0,0,0,0,0,0,8,0,0,0,0,0,0,0,
RB,SS,SoCal,Scripps,6 Whelk,As,5,1,386,7/21/2023,9/1/2023,42,6,RB,ZR,20,0,15,10,0,0,0,0,0,0,0,0,0,0,0,0,0,0,0,0,0,0,0,0,0,1,0,0,0,0,0,0,0,0,0,0,0,0,0,0,0,0,0,0,0,6,0,55,0,0,0,0,4,5,0,0,0,0,0,0,0,0,0,0,0.2,0,2,2,0,0,0,0,0,0,0,Ulva appears to have overgrown many acorn barnacles
RB,SS,SoCal,Scripps,3 Whelk,As,3,0,NA,7/21/2023,9/1/2023,42,6,RB,ZR,25,0,45,20,0,0,0,0,0,1,0.7,0,0,0,0,0,2,0,0,0,0,0,0,0,0,3,0,0,0,0,0,0,0,0,0,0,0,0,0,0,0,0,0,0,0,0,0,2,0,0,0,0,3,3,0,0,0,0,0,0,0,0,0,0,0,0,5,5,0,0,4,0,0,0,0,
RB,SS,SoCal,Scripps,Partial,As,2,0,NA,7/21/2023,9/1/2023,42,6,RB,ZR,50,0,35,5,0,0,0,0,0,0,0,0,0,0,0,0,0,0,0,0,0,0,0,0,0,0,0,0,0,0,0,0,0,1,0,0,0,0,0,0,0,0,0,0,0,0,0,0,0,0,0,0,1,2,0,0,0,0,0,0,0,0,0,0,0,0.8,2,5,2,0,0,0,0,0,0,
RB,SS,SoCal,Scripps,1 Whelk,As,1,0,NA,7/21/2023,9/1/2023,42,6,RB,ZR,20,0,40,10,0,0,0,0,0,0,3,0,0,0,0,0,0,0,0,0,0,0,0,0,0,1,0,0,0,0,5,0.8,0,0,0,0,0,0,0,0,0,0,0,0,0,1,0,15,0,0,0,0,0.5,1,0,0,0,0,0,0,0,0,0,2,0.2,1,2,4,2,3,0,0,0,0,0,
RB,SS,SoCal,Scripps,No Cage,As,0,0,NA,7/21/2023,9/1/2023,42,6,RB,RB,45,0,17,3,0,0,0,0,0,0,3,0,0,0,0,0,0,0,0,0,0,0,0,0,0,17,0,0,0,0,0,0,4,0,0,0,0,0,0,0,0,0,0,0,0,0,0,2,0,0,0,0,0,0,0,0,0,0,0,0,0,0,0,0.5,0,0,3,5,2,0,0,0,0,0,0,
RB,SS,SoCal,Scripps,0 Whelk,As,0,0,NA,7/21/2023,9/1/2023,42,6,RB,ZR,5,0,40,4,0,0,0,0,0,0,0,0,0,0,0,0,0,0,0,0,0,0,0,0,0,0,0,0,0,0,0,0,0,0,0,1,1,0.2,0,0,0.8,0,0,0,0,3,0,55,0,0,0,0,0,0,0,0,0,0,0,0,0,0,0,0,0.5,0,0,1,0,0,0.2,0,0,0,0,Ulva beginning to overgrow barnacles
BM,OG,NorCal,Mendocino North,3 Whelk,As,3,0,NA,6/21/2023,7/3/2023,12,2,BM,BM,10,0,30,10,0,0,0,0,0,0,0,0,0,0,0,0,0,0,0,0,0,0,0,0,0,1,0,0,0,0,0,0,0,40,0,0,0,0,6,0,0,0,18,0,3,0,0,0,0,0,0,0,2,3,0,0,0,0,0,0,0,0,0,0,0,1,0,1,0,0,0,0,0,0,0,
BM,OG,NorCal,Mendocino North,0 Whelk,As,0,0,NA,6/21/2023,7/3/2023,12,2,BM,BM,20,0,10,25,0,0,0,0,0,0,0,0,0,0,0,0,0,0,0,0,0,0,0,0,0,1,0,0,0,0,0,0,8,0,0,0,0,0,30,0,0,0,8,0,0,0,0,0,0,0,0,0,0,0,0,0,0,0,0,0,0,0,0,0,0,3,0.5,1,0,0,0,0,0,0,0,
BM,OG,NorCal,Mendocino North,12 Whelk,As,12,0,NA,6/21/2023,7/3/2023,12,2,BM,BM,30,0,28,7,0,0,0,0,0,0,0,0,0,0,0,0,0,0,0,0,0,0,0,0,0,0,0,0,0,0,0,0,0,7,0,0,0,0,25,0,0,0,1,0,0,0,0,0,0,0,0,0,5,12,0,0,0,0,0,0,0,0,0,0,0.2,1,0,0.5,0,0,0,0,0,0,0,
BM,OG,NorCal,Mendocino North,6 Whelk,As,6,0,NA,6/21/2023,7/3/2023,12,2,BM,BM,5,0,55,5,0,0,0,0,0,0,0,0,0,0,0,0,0,0,0,0,0,0,0,0,0,0,0,0,0,0,0,0,2,5,0,0,0,0,25,0,0,0,15,0,0,0,0,0,0,0,0,0,2,6,0,0,0,0,0,0,0,0,0,0,2,1,0,0.5,0,0,0,0,0,0,0,
BM,OG,NorCal,Mendocino North,Partial,As,1,0,NA,6/21/2023,7/3/2023,12,2,BM,BM,40,0,25,5,0,0,0,0,0,0,0,0,0,0,0,0,0,0,0,0,0,0,0,0,0,0,0,0,0,0,0,0,0,10,0,0,0,0,6,0,0,0,25,0,0,0,0,0,0,0,0,0,1,1,0,0,0,0.5,0,0,0,0,0,0,0,3,0,1,0,0,0,0,0,0,0,
BM,OG,NorCal,Mendocino North,1 Whelk,As,1,0,NA,6/21/2023,7/3/2023,12,2,BM,BM,0,0,50,2,0,0,0,0,0,0,0,0,0,0,0,0,0,0,0,0,0,0,0,0,0,0,0,0,0,0,0,0,0,40,0,0,0,0,8,0,0,0,15,0,0,0,0,0,0,0,0,0,1,1,0,0,0,0,0,0,0,0,0,0,0,1,0,0,0,0,0,0,0,0,0,
BM,OG,NorCal,Mendocino North,No Cage,As,1,0,NA,6/21/2023,7/3/2023,12,2,BM,BM,40,0,40,10,0,0,0,0,0,0,0,0,0,0,0,0,0,0,0,0,0,0,0,0,0,0,0,0,0,0,0,0,0,4,0,0,0,0,0,0,0,0,15,0,0,0,0,0,0,0,0,0,1,1,0,0,0,0.5,0,0,0,0.7,0,0,0.1,0.5,0,0.5,0,0,0,0,0,0,0,
BM,OG,NorCal,Mendocino South,1 Whelk,As,1,0,NA,6/22/2023,7/4/2023,12,2,BM,BM,40,0,50,1,0,0,0,0,0,0,0,0.1,2,0,0,0,0,0,0,0,0,0,0,0,0,0,0,0,0,0,0,0,0,0,0,0,0,0,0,0,0,0,1,0,0,0,0,0,0,0,0,0,1,1,0,0,0,0,0,0,0,0,0,0,6,0,0,0.5,0,0,0,0,0,0,0,
BM,OG,NorCal,Mendocino South,12 Whelk,As,12,0,NA,6/22/2023,7/4/2023,12,2,BM,BM,50,0,40,1,0,0,0,0,0,0,0,0,0,0,0,0,0,0,0,0,0,0,0,0,0,0,0,0,0,0,0,0,0,0,0,0,0,0,0,0,0,0,0.4,0,0,0,0,0,0,0,0,0,5,12,0,0,0,0,0,0,0,0,0,0,3,0,0,1,0,0,0,0,0,0,0,
BM,OG,NorCal,Mendocino South,6 Whelk,As,6,0,NA,6/22/2023,7/4/2023,12,2,BM,BM,70,0,5,20,0,0,0,0,0,0,0,0.1,2,0,0,0,0,0,0,0,0,0,0,0,0,0,0,0,0,0,0,0,0,0,0,0,0,0,0.5,0,0,0,0.1,0,0,0,0,0,0,0,0,0,2,6,0,0,0,0,0,0,0,0,0,0,0,0,0,0.5,0,0,0,0,0,0,0,
BM,OG,NorCal,Mendocino South,3 Whelk,As,3,0,NA,6/22/2023,7/4/2023,12,2,BM,BM,54,0,40,1,0,0,0,0,0,0,0,1,8,0,0,0,0,0,0,0,0,0,0,0,0,0,0,0,0,0,0,0,0,0,0,0,0,0,0,0,0,0,1,0,0,0,0,0,0,0,0,0,1.5,3,0,0,0,0,0,0,0,0,0,0,2,0,0,2,0,0,0,0,0,0,0,
BM,OG,NorCal,Mendocino South,0 Whelk,As,0,0,NA,6/22/2023,7/4/2023,12,2,BM,BM,44,0,30,20,0,0,0,0,0,0,0,0,0,0,0,0,0,0,0,0,0,0,0,0,0,0,0,0,0,0,0,0,0,0.5,0,0,0,0,0,0,0,0,2,0,0,0,0,0,0,0,0,0,0,0,0,0,0,0,0,0,0,0,0,0,0.5,0.5,0,2,0,0,0.5,0,0,0,0,
BM,OG,NorCal,Mendocino South,Partial,As,0,0,NA,6/22/2023,7/4/2023,12,2,BM,BM,50,0,36,2,0,0,0,0,0,0,0,0.5,4,0,0,0,0,0,0,0,0,0,0,0,0,3,0,0,0,0,0,0,2,0.3,0,0,0,0,0,0,0,0,0.1,0,0,0,0,0,0,0,0,0,0,0,0,0,0,0,0,0,0,0,0,0,0.2,0,0,1,0,0,0,0,0,0,0,
BM,OG,NorCal,Mendocino South,No Cage,As,0,0,NA,6/22/2023,7/4/2023,12,2,BM,BM,50,0,5,40,0,0,0,0,0,0,0,0,0,0,0,0,0,0,0,0,0,0,0,0,0,0,0,0,0,0,0,0,0,0,0,0,0,0,2,0,0,0,0,0,0,0,0,0,0,0,0,0,0,0,0,0,0,0,0,0,0,0,0,0,1,1,0,1,0,0,0,0,0,0,0,
BM,OG,NorCal,Mendocino North,0 Whelk,As,0,0,NA,6/21/2023,7/18/2023,27,4,BM,OG,10,0,10,22,0,0,0,0,0,0,0,0,0,0,0,0,0,0,0,0,0,0,0,0,0,0,0,0,0,0,0,0,5,0,0,0,0,0,30,0,0,0,15,0,0,0,0,0,0,0,0,0,0,0,0,0,0,0,0,0,0,0.1,0,0,0,5,1,2,0,0,0,0,0,0,0,polychaete 0.2
BM,OG,NorCal,Mendocino North,3 Whelk,As,3,0,NA,6/21/2023,7/18/2023,27,4,BM,OG,15,0,30,2,0,0,0,0,0,0,0,0,0,0,0,0,0,0,0,0,0,0,0,0,0,0.5,0,0,0,0,0,0,0,30,0,0,0,0,4,0,0,0,18,0,3,0,2,0,0,0,0,0,1,3,0,0,0,0,0,0,0,0.1,0,0,0.1,4,0,1,0,0,0,0,0,0,0,
BM,OG,NorCal,Mendocino North,6 Whelk,As,6,0,NA,6/21/2023,7/18/2023,27,4,BM,OG,5,0,52,6,0,0,0,0,0,0,0,0,0,0,0,0,0,0,0,0,0,0,0,0,0,0,0,0,0,0,0,0,1,2,0,0,0,0,20,0,0,0,20,0,0,0,0,0,0,0,0,0,3,6,0,0,0,1,0,0,0,0,0,0,0,1,0,1,0,0,0,0,0,0,0,
BM,OG,NorCal,Mendocino North,No Cage,As,1,0,NA,6/21/2023,7/18/2023,27,4,BM,OG,43,0,15,10,0,0,0,0,0,0,0,0,0,0,0,0,0,0,0,0,0,0,0,0,0,0,0,0,0,0,0,0,0,3,0,0,0,0,0,0,0,0,18,0,3,0,0,0,0,0,0,0,1,1,0,0,0,0,0,0,0,1,0,0,0,6,0,0.5,0,0,0,0,0,0,0,
BM,OG,NorCal,Mendocino North,1 Whelk,As,1,0,NA,6/21/2023,7/18/2023,27,4,BM,OG,0,0,40,10,0,0,0,0,0,0,0,0,0,0,0,0,0,0,0,0,0,0,0,0,0,0,0,0,0,0,0,0,0,40,0,0,0,0,8,0,0,0,15,0,0,0,0.1,0,0,0,0,0,0.4,1,0,0,0,0,0,0,0,0,0,0,0,3,0,0.5,0,0,0,0,0,0,0,
BM,OG,NorCal,Mendocino North,12 Whelk,As,0,12,"50, 42, 38, 51, 44, 65, 45, 100, 41, 40, notag",6/21/2023,7/18/2023,27,4,BM,OG,30,0,1,24,0,0,0,0,0,0,0,0,0,0,0,0,0,0,0,0,0,0,0,0,0,0,0,0,0,0,0,0,0,8,0,0,0,0,25,0,0,0,4,0,0,0,0,0,0,0,0,0,0,0,0,0,0,0,0,0,0,4,0,0,0,3,0,1,0,0,0,0,0,0,0,
BM,OG,NorCal,Mendocino North,Partial,As,0,0,NA,6/21/2023,7/18/2023,27,4,BM,OG,40,0,35,1,0,0,0,0,0,0,0,0,0,0,0,0,0,0,0,0,0,0,0,0,0,0,0,0,0,0,0,0,0,4,0,0,0,0,12,0,0,0,5,0,0,0,0,0,0,0,0,0,0,0,0,0,0,0,0,0,0,0,0,0,0,3,0,1,0,0,0,0,0,0,0,newly installed partial
BM,OG,NorCal,Mendocino South,12 Whelk,As,8,4,"33, 34, 35, 36",6/22/2023,7/19/2023,27,4,BM,OG,45,0,46,4,0,0,0,0,0,0,0,0,0,0,0,0,0,0,0,0,0,0,0,0,0,0,0,0,0,0,0,0,0,0,0,0,0,0,0,0,0,0,0.5,0,0,0,0,0,0,0,0,0,6,8,0,0,0,0,0,0,0,0,0,0,4,0,0,1,0,0,0,0,0,0,0,
BM,OG,NorCal,Mendocino South,1 Whelk,As,1,0,NA,6/22/2023,7/19/2023,27,4,BM,OG,30,0,65,6,0,0,0,0,0,0,0,0,0,0,0,0,0,0,0,0,0,0,0,0,0,0,0,0,0,0,0,0,0,0,0,0,0,0,0,0,0,0,2,0,0,0,1,0,0,0,0,0,1,1,0,0,0,0,0,0,0,0,0,0,2,0,0,1,0,0,0,0,0,0,0,
BM,OG,NorCal,Mendocino South,Partial,As,0,0,NA,6/22/2023,7/19/2023,27,4,BM,OG,65,0,20,0.5,0,0,0,0,0,0,0,0,0,0,0,0,0,0,0,0,0,0,0,0,0,2,0,0,0,0,0,0,0,0,0,0,0,0,0,0,0,0,0.1,0,0,0,0,0,0,0,0,0,0,0,0,0,0,0,0,0,0,0,0,0,0.1,0,0,1,0,0,0,0,0,12,0,
BM,OG,NorCal,Mendocino South,0 Whelk,As,0,0,NA,6/22/2023,7/19/2023,27,4,BM,OG,35,0,40,20,0,0,0,0,0,0,0,0,0,0,0,0,0,0,0,0,0,0,0,0,0,0,0,0,0,0,0,0,0,0.5,0,0,0,0,0,0,0,0,1,0,0,0,0.1,0,0,0,0,0,0,0,0,0,0,0,0,0,0,0,0,0,0.2,1,0,2,0,0,0,0,0,0,0,
BM,OG,NorCal,Mendocino South,3 Whelk,As,2,1,15,6/22/2023,7/19/2023,27,4,BM,OG,45,0,48,2,0,0,0,0,0,0,0,1,12,0,0,0,0,0,0,0,0,0,0,0,0,0,0,0,0,0,0,0,0,0,0,0,0,0,0,0,0,0,0.5,0,0,0,0,0,0,0,0,0,1.5,2,0,0,0,0.1,0,0,0,0,0,0,0,0.5,0,1,0,0,0,0,0,0,0,
BM,OG,NorCal,Mendocino South,6 Whelk,As,6,0,NA,6/22/2023,7/19/2023,27,4,BM,OG,75,0,10,10,0,0,0,0,0,0,0,0.1,1,0,0,0,0,0,0,0,0,0,0,0,0,0,0,0,0,0,0,0,0,0,0,0,0,0,1,0,0,0,0.5,0,0,0,0.3,0,0,0,0,0,3,6,0,0,0,0,0,0,0,0,0,0,0.1,0,0,0.7,0,0,0,0,0,0,0,
BM,OG,NorCal,Mendocino South,No Cage,As,0,0,NA,6/22/2023,7/19/2023,27,4,BM,OG,45,0,5,45,0,0,0,0,0,0,0,0,0,0,0,0,0,0,0,0,0,0,0,0,0,0,0,0,0,0,0,0,0,0,0,0,0,0,2,0,0,0,0.5,0,0,0,0,0,0,0,0,0,0,0,0,0,0,0,0,0,0,0,0,0,1,0,0,1,0,0,0,0,0,0,0,
BM,OG,NorCal,Mendocino North,0 Whelk,As,0,0,NA,6/21/2023,8/2/2023,42,6,BM,BM,20,0,25,5,0,0,0,0,0,0,0,0,0,0,0,0,0,0,0,0,0,0,0,0,0,0,0,0,0,0,0,0,10,0,0,0,0,0,30,0,0,0,10,0,0,0,0,0,0,0,0,0,0,0,0,0,0,0,0,0,0,0,0,0,0,3,0,1,0,0,0,0,0,0,0,
BM,OG,NorCal,Mendocino North,3 Whelk,As,3,0,NA,6/21/2023,8/2/2023,42,6,BM,BM,2,0,25,5,0,0,0,0,0,0,0,0,0,0,0,0,0,0,0,0,0,0,0,0,0,0,0,0,0,0,0,0,0,40,0,0,0,0,5,0,0,0,20,0,1,0,0,0,0,0,0,0,2,3,0,0,0,0,0,0,0,0,0,0,0,0,0,0.5,0,0,0,0,0,0,0,
BM,OG,NorCal,Mendocino North,12 Whelk,As,0,12,"18, 23, 28, 22, 26, 30, 31, 17, 29, 24, 21, 25",6/21/2023,8/2/2023,42,6,BM,BM,30,0,3,27,0,0,0,0,0,0,0,0,0,0,0,0,0,0,0,0,0,0,0,0,0,0,0,0,0,0,0,0,0,8,0,0,0,0,25,0,0,0,3,0,0,0,0,0,0,0,0,0,0,0,0,0,0,1,0,0,0,0,0,0,0,5,0,0.5,0,0,0,0,0,0,0,
BM,OG,NorCal,Mendocino North,Partial,As,0,0,NA,6/21/2023,8/2/2023,42,6,BM,BM,14,0,65,5,0,0,0,0,0,0,0,0,0,0,0,0,0,0,0,0,0,0,0,0,0,0,0,0,0,0,0,0,0,0,0,0,0,0,10,0,0,0,2,0,0,0,0,0,0,0,0,0,0,0,0,0,0,0,0,0,0,0,0,0,0,4,0,0.5,0,0,0,0,0,0,0,
BM,OG,NorCal,Mendocino North,1 Whelk,As,0,1,20,6/21/2023,8/2/2023,42,6,BM,BM,0,0,40,1,0,0,0,0,0,0,0,0,0,0,0,0,0,0,0,0,0,0,0,0,0,0,0,0,0,0,0,0,0,35,0,0,0,0,8,0,0,0,12,0,0,0,0,0,0,0,0,0,0,0,0,0,0,0,0,0,0,1,0,0,0,3,0,0.3,0,0,0,0,0,0,0,
BM,OG,NorCal,Mendocino North,6 Whelk,As,6,0,NA,6/21/2023,8/2/2023,42,6,BM,BM,2,0,30,30,0,0,0,0,0,0,0,0,0,0,0,0,0,0,0,0,0,0,0,0,0,0,0,0,0,0,0,0,1,8,0,0,0,0,15,0,0,0,10,0,0,0,0,0,0,0,0,0,6,6,0,0,0,0,0,0,0,0,0,0,0,2,0,0.2,0,0,0,0,0,0,0,
BM,OG,NorCal,Mendocino North,No Cage,As,0,0,NA,6/21/2023,8/2/2023,42,6,BM,BM,40,0,15,30,0,0,0,0,0,0,0,0,0,0,0,0,0,0,0,0,0,0,0,0,0,0,0,0,0,0,0,0,0,2,0,0,0,0,0,0,0,0,10,0,0,0,0,0,0,0,0,0,0,0,0,0,0,0,0,0,0,0,0,0,0,2,0,1,0,0,0,0,0,0,0,
BM,OG,NorCal,Mendocino South,0 Whelk,As,0,0,NA,6/22/2023,8/2/2023,41,6,BM,BM,40,0,25,20,0,0,0,0,0,0,0,0,0,0,0,0,0,0,0,0,0,0,0,0,0,0,0,0,0,0,0,0,0,0,0,0,0,0,0,0,0,0,1,0,0,0,0.2,0,0,0,0,0,0,0,0,0,0,1,0,0,0,0,0,0,10,0,0,2,0,0,0,0,0,0,0,
BM,OG,NorCal,Mendocino South,Partial,As,0,0,NA,6/22/2023,8/2/2023,41,6,BM,BM,77,0,15,3,0,0,0,0,0,0,0,0,0,0,0,0,0,0,0,0,0,0,0,0,0,2,0,0,0,0,0,0,0,0,0,0,0,0,0.1,0,0,0,0.1,0,0,0,0,0,0,0,0,0,0,0,0,0,0,0,0,0,0,0,0,0,0,2,0,0.5,0,0,0,0,0,0,0,
BM,OG,NorCal,Mendocino South,12 Whelk,As,12,0,NA,6/22/2023,8/2/2023,41,6,BM,BM,38,0,47,8,0,0,0,0,0,0,0,0,0,0,0,0,0,0,0,0,0,0,0,0,0,0,0,0,0,0,0,0,0,0,0,0,0,0,0,0,0,0,1,0,0,0,0,0,0,0,0,0,5,12,0,0,0,0,0,0,0,0,0,0,4,0,0,2,0,0,0,0,0,0,0,
BM,OG,NorCal,Mendocino South,1 Whelk,As,1,0,NA,6/22/2023,8/2/2023,41,6,BM,BM,27,0,58,2,0,0,0,0,0,0,0,0,0,0,0,0,0,0,0,0,0,0,0,0,0,0,0,0,0,0,0,0,0,0,0,0,0,0,0,0,0,0,0.5,0,0,0,4,0,0,0,0,0,0.4,1,0,0,0,0,0,0,0,0,0,0,8,0,0,1,0,0,0,0,0,0,0,
BM,OG,NorCal,Mendocino South,6 Whelk,As,2,4,"34, 32, 36, 33",6/22/2023,8/2/2023,41,6,BM,BM,70,0,15,10,0,0,0,0,0,0,0,0,0,0,0,0,0,0,0,0,0,0,0,0,0,0,0,0,0,0,0,0,0,0,0,0,0,0,1,0,0,0,0.5,0,0,0,2,0,0,0,0,0,2,2,0,0,0,0,0,0,0,0,0,0,0,0,0,1,0,0,0,0,0,0,0,
BM,OG,NorCal,Mendocino South,3 Whelk,As,3,0,NA,6/22/2023,8/2/2023,41,6,BM,BM,50,0,42,2,0,0,0,0,0,0,0,1,12,0,0,0,0,0,0,0,0,0,0,0,0,0,0,0,0,0,0,0,0,0,0,0,0,0,0,0,0,0,2,0,0,0,0,0,0,0,0,0,2,3,0,0,0,0,0,0,0,0,0,0,1,0.5,0,1,0,0,0,0,0,0,0,
BM,OG,NorCal,Mendocino South,No Cage,As,5,0,NA,6/22/2023,8/2/2023,41,6,BM,BM,50,0,1,45,0,0,0,0,0,0,0,0,0,0,0,0,0,0,0,0,0,0,0,0,0,0,0,0,0,0,0,0,0,0,0,0,0,0,1,0,0,0,0.1,0,0,0,0,0,0,0,0,0,2,5,0,0,0,0,0,0,0,0,0,0,0.2,1,0,0.5,0,0,0,0,0,0,0,
BM,OG,NorCal,Mendocino North,12 Whelk,As,12,0,NA,6/21/2023,8/17/2023,57,8,BM,OG,0,0,8,25,0,0,0,0,0,0,0,0,0,0,0,0,0,0,0,0,0,0,0,0,0,0,0,0,0,0,0,0,0,16,0,0,0,0,30,0,0,0,10,0,0,0,0,0,0,0,0,0,8,12,0,0,0,0,0,0,0,0,0,0,0,3,0,0,0,0,0,0,0,0,0,
BM,OG,NorCal,Mendocino North,6 Whelk,As,6,0,NA,6/21/2023,8/17/2023,57,8,BM,OG,0,0,25,12,0,0,0,0,0,0,0,0,0,0,0,0,0,0,0,0,0,0,0,0,0,0,0,0,0,0,0,0,4,0,0,0,0,0,30,0,0,0,25,0,0,0,0,0,0,0,0,0,3,6,0,0,0,0.5,0,0,0,0,0,0,0,0,0,1,0,0,0,0,0,0,0,
BM,OG,NorCal,Mendocino North,1 Whelk,As,1,1,Not tagged,6/21/2023,8/17/2023,57,8,BM,OG,0,0,50,2,0,0,0,0,0,0,0,0,0,0,0,0,0,0,0,0,0,0,0,0,0,0,0,0,0,0,0,0,0,24,0,0,0,0,10,0,0,0,12,0,0,0,0,0,0,0,0,0,1,1,0,0,0,0,0,0,0,0.8,0,0,0,2,0,0,0,0,0,0,0,0,0,
BM,OG,NorCal,Mendocino North,3 Whelk,As,3,0,NA,6/21/2023,8/17/2023,57,8,BM,OG,0,0,20,5,0,0,0,0,0,0,0,0,0,0,0,0,0,0,0,0,0,0,0,0,0,0,0,0,0,0,0,0,0,24,0,0,0,0,0,0,0,0,40,0,5,0,2,0,0,0,0,0,2,3,0,0,0,0,0,0,0,0,0,0,0,2,0,0,0,0,2,0,0,0,0,
BM,OG,NorCal,Mendocino North,0 Whelk,As,0,0,NA,6/21/2023,8/17/2023,57,8,BM,OG,10,0,18,12,0,0,0,0,0,0,0,0,0,0,0,0,0,0,0,0,0,0,0,0,0,0,0,0,0,0,0,0,8,0,0,0,0,0,30,0,0,0,20,0,0,0,0,0,0,0,0,0,0,0,0,0,0,0,0,0,0,0,0,0,0,1,0,2,0,0,0,0,0,0,0,
BM,OG,NorCal,Mendocino North,Partial,As,0,0,NA,6/21/2023,8/17/2023,57,8,BM,OG,10,0,62,5,0,0,0,0,0,0,0,0,0,0,0,0,0,0,0,0,0,0,0,0,0,0,0,0,0,0,0,0,0,0,0,0,0,0,15,0,0,0,3,0,0,0,0,0,0,0,0,0,0,0,0,0,0,1,0,0,0,0,0,0,0,3,0,1,0,0,0,0,0,0,0,
BM,OG,NorCal,Mendocino North,No Cage,As,0,0,NA,6/21/2023,8/17/2023,57,8,BM,OG,30,0,20,35,0,0,0,0,0,0,0,0,0,0,0,0,0,0,0,0,0,0,0,0,0,0,0,0,0,0,0,0,0,2,0,0,0,0,0,0,0,0,8,0,0,0,0,0,0,0,0,0,0,0,0,0,0,0.6,0,0,0,0,0,0,0,4,0,0.5,0,0,0,0,0,0,0,
BM,OG,NorCal,Mendocino South,No Cage,As,4,0,NA,6/22/2023,8/16/2023,55,8,BM,OG,46,0,0,45,0,0,0,0,0,0,0,0,0,0,0,0,0,0,0,0,0,0,0,0,0,0,0,0,0,0,0,0,0,0,0,0,0,0,1,0,0,0,2,0,0,0,0,0,0,0,0,0,2,4,0,0,0,0,0,0,0,0,0,0,1,1,0,0.5,0,0,0,0,0,0,0,
BM,OG,NorCal,Mendocino South,12 Whelk,As,12,0,NA,6/22/2023,8/16/2023,55,8,BM,OG,42,0,30,16,0,0,0,0,0,0,0,0,0,0,0,0,0,0,0,0,0,0,0,0,0,0,0,0,0,0,0,0,0,0,0,0,0,0,0.5,0,0,0,2,0,0,0,0,0,0,0,0,0,5,12,0,0,0,0,0,0,0,0,0,0,4,0,0,1,0,0,0,0,0,0,0,
BM,OG,NorCal,Mendocino South,6 Whelk,As,6,0,NA,6/22/2023,8/16/2023,55,8,BM,OG,40,0,20,20,0,0,0,0,0,0,0,0.01,2,0,0,0,0,0,0,0,0,0,0,0,0,0,0,0,0,0,0,0,4,0,0,0,0,0,1,0,0,0,3,0,0,0,7,0,0,0,0,0,3,6,0,0,0,0,0,0,0,0,0,0,0.1,0,0,0.7,0,0,0,0,0,0,0,
BM,OG,NorCal,Mendocino South,1 Whelk,As,1,0,NA,6/22/2023,8/16/2023,55,8,BM,OG,30,0,50,2,0,0,0,0,0,0,0,0,0,0,0,0,0,0,0,0,0,0,0,0,0,0,0,0,0,0,0,0,0,0,0,0,0,0,0,0,0,0,5,0,0,0,5,0,0,0,0,0,0.5,1,0,0,0,0,0,0,0,0,0,0,6,0,0,3,0,0,0,0,0,0,0,
BM,OG,NorCal,Mendocino South,3 Whelk,As,3,0,NA,6/22/2023,8/16/2023,55,8,BM,OG,48,0,43,2,0,0,0,0,0,0,0,0.1,12,0,0,0,0,0,0,0,0,0,0,0,0,2,0,0,0,0,0,0,0,0,0,0,0,0,0,0,0,0,2,0,0,0,0,0,0,0,0,0,2,3,0,0,0,2,0,0,0,0,0,0,1,0,0,0.5,0,0,0,0,0,0,0,
BM,OG,NorCal,Mendocino South,0 Whelk,As,0,0,NA,6/22/2023,8/16/2023,55,8,BM,OG,42,0,35,15,0,0,0,0,0,0,0,0,0,0,0,0,0,0,0,0,0,0,0,0,0,0,0,0,0,0,0,0,0,0,0,0,0,0,0,0,0,0,3,0,0,0,1,0,0,0,0,0,0,0,0,0,0,0,0,0,0,0,0,0,4,0,0,0.7,0,0,0,0,0,0,0,
BM,OG,NorCal,Mendocino South,Partial,As,0,0,NA,6/22/2023,8/16/2023,55,8,BM,OG,77,0,15,3,0,0,0,0,0,0,0,0,0,0,0,0,0,0,0,0,0,0,0,0,0,2,0,0,0,0,0,0,0,0,0,0,0,0,0,0,0,0,0.1,0,0,0,0,0,0,0,0,0,0,0,0,0,0,0,0,0,0,0,0,0,0.2,2,0,0.5,0,0,0,0,0,0,0,
DD,JL,Baja,Campo Kennedy,24 Whelk,M,19,4,"138, 139, 140, 141",5/12/2023,7/5/2023,54,8,DD,DD,50,0,2,40,0.5,4,0,0,0,0,20,5,42,0.1,1,1,0,0,0,0,0,0,0,0,0,0,1,0,0,0,0,0,0,0,5,0,0,0,0.5,0.1,0,0,0,0,0,0,0,0.5,0,0,0,0,0,0,18,19,0,0,0,0,0,0,0,0,0.5,0.5,0.1,0.1,0,0,1,0,0,0,0,
DD,JL,Baja,Campo Kennedy,12 Whelk,M,12,0,NA,5/12/2023,7/5/2023,54,8,DD,DD,20,0,7,34,0,0,0,0,0,0,2,10,44,1,1,1,0,0,0,0,0,0,0,0,0,0,0,0,0,0,0,0,0,0,10,0,0,0,0,0,0,0,0,0,0,0,0,0,0,0,0,0,0,0,12,12,0,0,0,0,0,0,0,0,0.5,0,1,0.5,0,0,0,0,0,0,0,
DD,JL,Baja,Campo Kennedy,6 Whelk,M,5,0,NA,5/12/2023,7/5/2023,54,8,DD,DD,50,0,2,33,0.1,1,0,0,0,0,0.1,3,40,0.1,1,1,0,0,0,0,0,0,0,0,0,0,0,0,0,0,0,0,0,0,5,0,0,0,1,0,0,0,0,0,0,0,0,5,0,0,0,0,0,0,0.1,5,0,0,0,0,0,0,0,0,0.5,0.1,0.5,0.1,0,0,1,0,0,0,0,
DD,JL,Baja,Campo Kennedy,3 Whelk,M,3,0,NA,5/12/2023,7/5/2023,54,8,JL,JL,20,0,10,40,1,5,0,0,0,0,1,5,30,0,0,0,0,0,0,0,0,0,0,0,0,0,0.5,0,0,0,0,0,0,0,10,0,0,0,0,0,0,0,0,0,0,0,0,0,0,0,0,0,0,0,2,3,0,0,0,0,0,0,0,0,0.5,0.1,0.1,0.5,0,0,0.1,0,0,0,0,
DD,JL,Baja,Campo Kennedy,No Cage,M,2,0,NA,5/12/2023,7/5/2023,54,8,JL,JL,55,0,2,13,3,12,0,0,0,0,4,20,72,0,0,0,0,0,0,0,0,0,0,0,0,0,0,0,0,0,0,0,5,0,10,0,0,0,0,0,0,0,0,0,0,0,0,0,0,0,0,0,0,0,0.1,2,0,0,0,0,0,0,0,0,0.1,0,0,1,0.1,0,0.1,0,0,0,0,
DD,JL,Baja,Campo Kennedy,Partial,M,3,0,NA,5/12/2023,7/5/2023,54,8,JL,JL,8,0,15,60,0,0,0,0,0,0,3,6,15,0,0,0,0,0,0,0,0,0,0,0,0,0,0,0,0,0,0,0,0,0,2,0,0,0,0,0,0,0,0,0,0,0,0,0,0,0,0,0,0,0,0.1,3,0,0,0,0,0,0,0,0,0.5,0,0,0.1,0,0,0.1,0,0,0,0,
DD,JL,Baja,Campo Kennedy,1 Whelk,M,1,0,NA,5/12/2023,7/5/2023,54,8,JL,JL,7,0,8,32,0.5,1,0,0,0,0,3,28,192,0.1,2,0,0,0,0,0,0,0,0,0,0,0,0.5,0,0,0,0,0,10,0,5,0,0,0,0.1,0,0,0,0,0,0,0,0,0,0,0,0,0,0,0,1,1,0,0,0,0,0,0,0,0,0.1,0,0,0.1,0,0,0,0,0,0,0,
DD,JL,Baja,Campo Kennedy,0 Whelk,M,7,-7,NA,5/12/2023,7/5/2023,54,8,JL,JL,4,0,30,7,7,0,0,0,0,0,8,18,76,0,0,0,0,0,0,0,0,0,0,0,0,0,0,0,0,0,0,0,8,0,4,0,0,0,1,0,0,0,0,0,0,0,0,0,0,0,0,0,0,0,1,1,0,0,0,0,0,0,0,0,0.1,0,0.1,0.5,0,0,0.1,0,0,0,0,
DD,JL,Baja,Punta Morro,24 Whelk,M,25,0,NA,5/13/2023,7/7/2023,55,8,JL,JL,50,0,2,50,4,7,0,0,0,0,0,0.5,1,0,0,0,0,0,0,0,0,0,0,0,0,16,0,0,0,0,0,0,2,0,0,0,0,0,0.5,0,0,0,0,0,0,0,0,0.1,0,0,0,0,0,0,12,25,0,0,0,0,0,0,0,0,0.5,0,3,0.5,0,0,0.5,0,0,0,0,
DD,JL,Baja,Punta Morro,12 Whelk,M,10,2,"142, 143",5/13/2023,7/7/2023,55,8,JL,JL,20,0,8,55,4,8,0.5,1,0,0,0,0,0,0,0,0,0,0,0,0,0,0,0,0,0,5,0,0,0,0,0,0,8,0,0,0,0,0,0,0,0,0,0,0,0,0,0,0,0,0,0,0,0,0,8,10,0,0,0,0,0,0,0,0,0.5,0,1,0.5,1,0,0.1,0,0,0,0,
DD,JL,Baja,Punta Morro,6 Whelk,M,5,1,144,5/13/2023,7/7/2023,55,8,JL,JL,70,0,1,20,10,18,0.5,2,0,0,0,1,2,0,0,0,0,0,0,0,0,0,0,0,0,5,0,0,0,0,0,0,0,0,0,0,0,0,0,0,0,0,0,0,0,0,0,0,0,0,0,0,0,0,3,5,0,0,0,0,0,0,0,0,0.5,0,8,0.1,1.5,0,0,0,0,0,0,
DD,JL,Baja,Punta Morro,3 Whelk,M,3,-2,"145, 146",5/13/2023,7/7/2023,55,8,JL,JL,40,0,5,30,15,41,0,0,0,0,0,2,7,0,0,0,0,0,0,0,0,0,0,0,0,0.5,0,0,0,0,0,0,2,0,0,0,0,0,0,0,0,0,0,0,0,0,0,0,0,0,0,0,0,0,2,3,0,0,0,0,0,0,0,0,0.5,0,8,0.5,0.5,0,0.1,0,0,0,0,"Two small unmarked whelks found inside and removed, two new med whelks tagged and added (for total of 3)"
DD,JL,Baja,Punta Morro,No Cage,M,2,0,NA,5/13/2023,7/7/2023,55,8,JL,JL,70,0,1,8,20,80,0,0,0,0,5,3,8,0,0,0,0,0,0,0,0,0,0,0,0,3,0,0,0,0,0,0,0,0,0,0,0,0,0,0,0,0,0,0,0,0,0,0,0,0,0,0,0,0,0.5,2,0,0,0,0,0,0,0,0,0.5,0,4,0.1,3,0,0.5,0,0,0,0,
DD,JL,Baja,Punta Morro,0 Whelk,M,9,-9,NA,5/13/2023,7/7/2023,55,8,JL,JL,70,0,5,60,5,82,0,0,0,0,0,0,0,0,0,0,0,0,0,0,0,0,0,0,0,0,0,0,0,0,0,0,0,0,0,0,0,0,0,0,0,0,0,0,0,0,0,0,0,0,0,0,0,0,3,9,0,0,0,0,0,0,0,0,0.5,0,5,0.1,0,0,0,0,0,0,0,
DD,JL,Baja,Punta Morro,1 Whelk,M,4,-3,NA,5/13/2023,7/7/2023,55,8,JL,JL,20,0,30,1,8,22,0,0,0,0,0,0,0,0,0,0,0,0,0,0,0,0,0,0,0,0,0,0,0,0,0,0,0,0,0,0,0,0,0,0,0,0,0,0,0,0,0,0.1,0,0,0,0,0,0,1,4,0,0,0,0,0,0,0,0,0.5,0,6,0.5,12,0,0.1,0,0,0,0,
DD,JL,Baja,Punta Morro,Partial,M,7,0,NA,5/13/2023,7/7/2023,55,8,JL,JL,10,0,0.5,80,9,33,0,0,0,0,0,0,0,0,0,0,0,0,0,0,0,0,0,0,0,0,0,0,0,0,0,0,0,0,0,0,0,0,0,0,0,0,0,0,0,0,0,0,0,0,0,0,0,0,3,7,0,0,0,0,0,0,0,0,0.5,0,0,0.5,8,0,0,0,0,0,0,
JL,DD,Baja,Punta Morro,24 Whelk,M,24,0,NA,5/13/2023,7/21/2023,69,10,DD,DD,40,0,10,20,1,6,0,0,0,0,3,0,0,0.5,1,1,0,0,0,0,0,0,0,0,0,10,0,0,0,0,0,0,0,5,10,0,0,0,0,0,0,0,0,0,0,0,0,0,0,0,0,0,0,0,12,24,0,0,0,0,0,0,0,0,0.1,0,5,0,0,0,0,0,0,0,0,
JL,DD,Baja,Punta Morro,12 Whelk,M,19,-7,147,5/13/2023,7/21/2023,69,10,DD,DD,40,0,5,30,1,6,0,0,0,0,0.1,0,0,0,0,0,0,0,0,0,0,0,0,0,0,5,5,0,0,0,0,2,3,0,0,0,0,0,0,0,0,0,0,0,0,0,0,5,0,0,0,0,0,0,8,18,0,0,0,0,0,0,0,0,3,0,2,0,0,0,0,0,0,0,0,We found 7 extra whelks inside :/
JL,DD,Baja,Punta Morro,6 Whelk,M,9,-3,0,5/13/2023,7/21/2023,69,10,JL,JL,40,0,0.5,20,5,13,0.1,2,0,0,0,0.5,2,0,0,0,0,0,0,0,0,0,0,0,0,2,0,0,0,0,0,0,0.1,0,0,0,0,0,0,0,0,0,0,0,0,0,0,0,0,0,0,0,0,0,5,9,0,0,0,0,0,0,0,0,1,0,3,0.1,1,0,0.1,0,0,0,0,"We had a tagged extra (144), was put in the 3whelk cage."
JL,DD,Baja,Punta Morro,3 Whelk,M,0,3,"68, 144, 148",5/13/2023,7/21/2023,69,10,JL,JL,45,0,10,25,10,44,0,0,0,0,0,2,11,0,0,0,0,0,0,0,0,0,0,0,0,0.1,0,0,0,0,0,0,0.1,0,0,0,0,0,0,0,0,0,0,0,0,0,0,0,0,0,0,0,0,0,0,0,0,0,0,0,0,0,0,0,1,0,2,1,1,0,0.1,0,0,0,0,
JL,DD,Baja,Punta Morro,No Cage,M,1,0,NA,5/13/2023,7/21/2023,69,10,JL,JL,30,0,5,5,18,69,0,0,0,0,3,2,6,0,0,0,0,0,0,0,0,0,0,0,0,4,0,0,0,0,0,0,1,0,0,0,0,0,0.1,0,0,0,0,0,0,0,0,0,0,0,0,0,0,0,0.1,1,0,0,0,0,0,0,0,0,1,0.1,0.1,0.1,5,0,0.1,0,0,0,0,
JL,DD,Baja,Punta Morro,0 Whelk,M,11,-11,NA,5/13/2023,7/21/2023,69,10,JL,JL,8,0,45,10,25,64,0,0,0,0,0,0.1,2,0,0,0,0,0,0,0,0,0,0,0,0,0,0,0,0,0,0,0,0,0,0,0,0,0,0,0,0,0,0,0,0,0,0,0,0,0,0,0,0,0,5,11,0,0,0,0,0,0,0,0,1,0,2,0.5,0.5,0,0.1,0,0,0,0,
JL,DD,Baja,Punta Morro,1 Whelk,M,9,-8,NA,5/13/2023,7/21/2023,69,10,JL,JL,46,0,30,5,8,21,0,0,0,0,0,0,0,0,0,0,0,0,0,0,0,0,0,0,0,1,0,0,0,0,0,0,0.1,0,0,0,0,0,0,0,0,0,0,0,0,0,0,0.1,0,0,0,0,0,0,5,9,0,0,0,0,0,0,0,0,0.5,0,1,0.5,3,0,0,0,0,0,0,
JL,DD,Baja,Punta Morro,Partial,M,3,0,NA,5/13/2023,7/21/2023,69,10,JL,JL,12,0,5,25,4,7,0,0,0,0,0,0,0,0,0,0,0,0,0,0,0,0,0,0,0,5,0,0,0,0,0,0,0,0,0,0,0,0,0,0,0,0,0,0,0,0,0,0,0,0,0,0,0,0,1,3,0,0,0,0,0,0,0,0,0.5,0,1,0.5,0,0,0,0,0,0,0,Left #64 in there
JL,DD,Baja,Campo Kennedy,24 Whelk,M,18,6,"149, 150, 151, 152, 153, 154",5/12/2023,7/22/2023,71,10,DD,DD,5,0,5,10,1,3,0,0,0,0,20,10,38,0.1,1,1,0,0,0,0,0,0,0,0,0,1,2,0,0,0,0,0,1,0,30,0,0,0,40,0,0,0,0,0,0,0,0,0.5,0,0,1,0,0,0,10,18,0,0,0,0,0,0,0,0,0.5,1,0,0.2,0,0,0,0,0,0,0,
JL,DD,Baja,Campo Kennedy,12 Whelk,M,11,1,155,5/12/2023,7/22/2023,71,10,DD,DD,10,0,5,40,0,0,0,0,0,0,2,10,44,0.5,2,1,0,0,0,0,0,0,0,0,0,0,2,0,0,0,0,0,0,0,15,0,0,0,20,0,0,0,0,0,0,0,0,0,0,0,0.5,0,0,0,8,12,0,0,0,0,0,0,0,0,0.5,0,3,0.1,0,0,0,0,0,0,0,One whelk found dead and replaced
JL,DD,Baja,Campo Kennedy,6 Whelk,M,6,1,NA,5/12/2023,7/22/2023,71,10,DD,DD,60,0,5,15,5,7,0,0,0,0,1,10,33,0.1,1,0,0,0,0,0,0,0,0,0,0,0,0,0,0,0,0,0,0,0,1,0,1,0,1,0,0,0,0,0,0,0,0,0,0,0,0,0,0,0,5,6,0,0,0,0,0,0,0,0,5,1,1,0.5,0,0,0,0,0,0,0,
JL,DD,Baja,Campo Kennedy,3 Whelk,M,3,0,NA,5/12/2023,7/22/2023,71,10,JL,JL,10,0,5,45,1,4,0,0,0,0,1,6,32,0,0,0,0,0,0,0,0,0,0,0,0,0.5,0,0,0,0,0,0,2,1,0,0,0,0,0,0,0,0,0,0,0,0,0,0,0,0,0,0,0,0,1,3,0,0,0,0,0,0,0,0,1,1,0.5,0.5,0,0,1,0,0,0,0,
JL,DD,Baja,Campo Kennedy,No Cage,M,0,0,NA,5/12/2023,7/22/2023,71,10,JL,JL,54,0,0.1,10,2,10,0,0,0,0,2,15,66,0,0,0,0,0,0,0,0,0,0,0,0,0,0,0,0,0,0,0,5,1,0,0,0,0,10,0,0,0,0,0,0,0,0,0,0,0,0,0,0,0,0,0,0,0,0,0,0,0,0,0,0.5,0,0,0.5,1,0,0.1,0,0,0,0,
JL,DD,Baja,Campo Kennedy,1 Whelk,M,1,0,NA,5/12/2023,7/22/2023,71,10,JL,JL,29,0,5,35,0.1,1,0,0,0,0,1,28,183,0,0,0,0,0,0,0,0,0,0,0,0,0.1,0,0,0,0,0,0,8,0,1,0,0,0,5,0.5,0,0,0,0,0,0,0,0.1,0,0,0,0,0,0,0.5,1,0,0,0,0,0,0,0,0,1,0,0,0.5,0,0,0.1,0,0,0,0,
JL,DD,Baja,Campo Kennedy,0 Whelk,M,0,0,NA,5/12/2023,7/22/2023,71,10,JL,JL,5,0,45,5,5,0,0,0,0,0,2,12,86,0,0,0,0,0,0,0,0,0,0,0,0,1,0,0,0,0,0,0,5,5,0,0,0,0,25,0,0,0,0,0,0,0,0,0.1,0,0,0.1,0.1,0,0,0,0,0,0,0,0,0,0,0,0,0.5,0,1,0.5,1,0,0.1,0,0,0,0,
JL,DD,Baja,Campo Kennedy,Partial,M,1,0,NA,5/12/2023,7/22/2023,71,10,JL,JL,0,0,5,60,1,7,0,0,0,0,2,6,29,0,0,0,0,0,0,0,0,0,0,0,0,0,0,0,0,0,0,0,5,0,0,0,0,0,1,0,0,0,0,0,0,0,0,0.1,0,0,0.1,0,0,0,0.1,1,0,0,0,0,0,0,0,0,1,0,0.5,1,1,0,0.1,0,0,0,0,
JL,DD,Baja,Punta Morro,24 Whelk,M,17,0,NA,5/13/2023,8/7/2023,86,12,JL,DD,19,0,3,15,1,3,1,0,4,0,0,0,0,0,0,0,0,0,0,0,0,0,0,0,0,20,0,0,0,0,0,0,0,0,0,0,0,0,0,0,0,0,0,0,0,5,0,0,0,0,0,0,0,0,10,17,0,0,0,0,0,0,0,0,16,0,8,0,0,0,2,0,0,0,0,
JL,DD,Baja,Punta Morro,12 Whelk,M,10,0,NA,5/13/2023,8/7/2023,86,12,JL,DD,18,0,3,45,5,8,0,0,0,0,0,0,0,0,0,0,0,0,0,0,0,0,0,0,0,0,0.5,0,0,0,0,0,8,0,0,0,0,0,0,0,0,0,0,0,0,1,0,0,0,0,0,0,0,0,8,10,0,0,0,0,0,0,0,0,3,0,5,1,0,0,1,0,0,0,0,
JL,DD,Baja,Punta Morro,6 Whelk,M,5,0,NA,5/13/2023,8/7/2023,86,12,JL,DD,69,0,2,8,0,0,7,16,4,0,0,0,0,0,0,0,0,0,0,0,0,0,0,0,0,3,0,0,0,0,0,0,2,0,0.5,0,0,0,0,0,0,0,0,0,0,0,0,0,0,0,0,0,0,0,3,5,0,0,0,0,0,0,0,0,1,0,5,1,0,0,1,0,0,0,0,
JL,DD,Baja,Punta Morro,3 Whelk,M,2,0,NA,5/13/2023,8/7/2023,86,12,JL,DD,52,0,2,15,0,0,10,42,0,0,1,0,0,3,15,0,0,0,0,0,0,0,0,0,0,0,0,0,0,0,0,0,2,0,0,0,0,0,0,0,0,0,0,0,0,0,0,8,0,0,0,0,0,0,1,2,0,0,0,0,0,0,0,0,1,0,3,3,0,0,0,0,0,0,0,
JL,DD,Baja,Punta Morro,No Cage,M,2,0,NA,5/13/2023,8/7/2023,86,12,JL,DD,18,0,5,2,0,0,26,99,0,0,4,2,5,0,0,0,0,0,0,0,0,0,0,0,0,5,0,0,0,0,0,0,0,0,2,0,0,0,0,0,0,0,0,0,0,0,0,15,0,0,0,0,0,0,0.5,2,0,0,0,0,0,0,0,0,0.1,0,4,8,8,0,0,0,0,0,0,
JL,DD,Baja,Punta Morro,0 Whelk,M,20,0,NA,5/13/2023,8/7/2023,86,12,JL,DD,0,0,5,70,20,65,0,0,0,0,0,0,0,0,0,0,0,0,0,0,0,0,0,0,0,0,0,0,0,0,0,0,0,0.5,0,0,1,0,0,0,0,0,0,0,0,0,0,5,0,0,0,0,0,0,8,20,0,0,0,0,0,0,0,0,3,0,8,1,0,0,3,0,0,0,0,
JL,DD,Baja,Punta Morro,1 Whelk,M,11,0,NA,5/13/2023,8/7/2023,86,12,JL,DD,45,0,8,15,8,17,0,0,0,0,0,0,0,0,0,0,0,0,0,0,0,0,0,0,0,0,2,0,0,0,0,0,5,0,0,0,0,0,0,0,0,0,0,0,0,0,0,3,0,0,0,0,0,0,4,11,0,0,0,0,0,0,0,0,0,0,3,0.1,5,0,2,0,0,0,0,
JL,DD,Baja,Punta Morro,Partial,M,7,0,NA,5/13/2023,8/7/2023,86,12,JL,DD,8,0,15,35,10,19,0,0,0,0,0,0,0,0,0,0,0,0,0,0,0,0,0,0,0,0,5,0,0,0,0,0,4,0,0.1,0,0,0,0,0,0,0,0,0,0,0,0,8,0,0,0,0,0,0,3,7,0,0,0,0,0,0,0,0,0,0,4,5,1,0,1,0,0,0,0,
JL,DD,Baja,Campo Kennedy,3 Whelk,M,4,0,NA,5/12/2023,8/8/2023,88,13,JL,DD,0,0,5,50,3,6,0,0,0,0,3,8,20,0,0,0,0,0,0,0,0,0,0,0,0,0,0,0,0,0,0,0,5,0,0,0,0,0,0,0,0,0,0,0,0,0,0,1,0,0,0,0,0,0,2,4,0,0,0,0,0,0,0,0,2,0,0,1,0,0,0.5,0,0,0,0,
JL,DD,Baja,Campo Kennedy,6 Whelk,M,4,0,NA,5/12/2023,8/8/2023,88,13,JL,DD,12,0,3,35,0.5,4,0,0,0,0,1,20,41,2,0,4,0,0,0,0,0,0,0,0,0,0,0,0,0,0,0,0,15,0,5,0,0,0,0,0,0,0,0,0,0,0,0,3,0,0,0,0,0,0,1,4,0,0,0,0,0,0,0,0,1,0,0.5,1,0,0,1,0,0,0,0,
JL,DD,Baja,Campo Kennedy,No Cage,M,0,0,NA,5/12/2023,8/8/2023,88,13,JL,DD,36,0,2,15,3,8,0,0,0,0,5,10,92,0,0,0,0,0,0,0,0,0,0,0,0,0,0.5,0,0,0,0,0,15,0,8,0,0,0,0,0,0,0,0,0,0,0,0,3,0,0,0,0,0,0,0,0,0,0,0,0,0,0,0,0,0.1,0,0,1,2,0,0.5,0,0,0,0,
JL,DD,Baja,Campo Kennedy,12 Whelk,M,11,0,NA,5/12/2023,8/8/2023,88,13,JL,DD,0,0,5,30,0.1,1,0,0,0,0,7,15,57,1,1,3,0,0,0,0,0,0,0,0,0,0,0.5,0,0,0,0,0,20,0,0,0,0,0,10,0,0,0,0,0,0,3,0,5,0,0,0,0,0,0,10,11,0,0,0,0,0,0,0,0,1,0,1,1,0,0,2,0,0,0,0,
JL,DD,Baja,Campo Kennedy,1 Whelk,M,2,0,NA,5/12/2023,8/8/2023,88,13,JL,DD,0,0,2,40,0.1,1,0,0,0,0,3,23,188,0.1,1,0,0,0,0,0,0,0,0,0,0,0,0.5,0,0,0,0,0,4,0,0,0,0,0,10,0,0,0,0,0,0,0.1,0,2,0,0,0,0,0,0,0.5,2,0,0,0,0,0,0,0,0,1,0,0.1,1,0,0,2,0,0,0,0,
JL,DD,Baja,Campo Kennedy,0 Whelk,M,0,0,NA,5/12/2023,8/8/2023,88,13,JL,DD,0,0,20,4,4,0,0,0,0,0,8,15,104,0,0,0,0,0,0,0,0,0,0,0,0,0,1,0,0,0,0,0,15,0,18,0,0,0,15,0,0,0,0,0,0,0,0,5,0,0,0,0,0,0,0,0,0,0,0,0,0,0,0,0,1,0,1,2,0,0,3,0,0,0,0,
JL,DD,Baja,Campo Kennedy,Partial,M,5,0,NA,5/12/2023,8/8/2023,88,13,JL,DD,0,0,5,75,3,10,0,0,0,0,6,10,30,0,0,0,0,0,0,0,0,0,0,0,0,0,0.1,0,0,0,0,0,15,0,10,0,0,0,0,0,0,0,0,0,0,0.1,0,15,0,0,0,0,0,0,0.1,5,0,0,0,0,0,0,0,0,1,0,0.5,1,0,0,2,0,0,0,0,
JL,DD,Baja,Campo Kennedy,24 Whelk,M,17,0,NA,5/12/2023,8/8/2023,88,13,JL,DD,13,0,5,10,0.1,1,0,0,0,0,12,10,59,2,1,3,0,0,0,0,0,0,0,0,0,0,2,0,0,0,0,0,8,0,3,0,0,0,18,0,0,0,0,0,0,2,0,8,0,0,0,0,0,0,15,17,0,0,0,0,0,0,0,0,0.1,0,1,3,0,0,3,0,0,0,0,
RB,SS,SoCal,Dana Point,6 Whelk,As,8,0,NA,7/19/2023,9/16/2023,59,8,RB,JO,20,0,20,20,0,0,0,0,0,2,0,4,6,0,0,0,0,0,0,0,0,0,0,0,0,12,0,0,0,0,0.2,8,0,1,0,0,0,0,0,0,4,0,0,0,0,0,0,0.5,0,0,0,0,5,8,0,0,0,0,0,0,0,0,0,0,0.1,0,1,3,0,0,3,0,0,0,0,
RB,SS,SoCal,Dana Point,12 Whelk,As,11,0,NA,7/19/2023,9/16/2023,59,8,RB,JO,15,0,15,40,0,0,0,0,0,0,0,0.5,1,0,0,0,0,0,0,0,0,0,0,0,0,0.5,0,0,0,0,0,2,7,0,0,0,0,0,2,0,8,0,0,0,0,4,0,3,0,0,0,0,8,11,0,0,0,0,0,0,0,0,0,0,0.2,0.5,2,3,0,0,0,0,0,0,0,
RB,SS,SoCal,Dana Point,3 Whelk,As,3,0,NA,7/19/2023,9/16/2023,59,8,RB,JO,5,0,45,15,0,0,0,0,0,0.4,0,0,0,0,0,0,3,0,0,0,0,0,0,0,1,0.5,0,0,0,0,0,4,2,0,0,0,0,0,9,0,4,0,0,0,0,0,0,9,0,0,0,0,2,3,0,0,0,0,0,0,0,0,0,0,0,0,0,2,0,0,0,0,0,0,0,
RB,SS,SoCal,Dana Point,1 Whelk,As,3,0,NA,7/19/2023,9/16/2023,59,8,RB,JO,10,0,45,10,0,0,0,0,0,0,0,0,0,0,0,0,0,0,0,0,0,0,0,0,0,0,0,0,0,0,0,15,0,0,0,0,4,0,8,0,0,0,0,0,0,0,0,3,0,0,0,0,1,3,0,0,0,0,0,0,0,0,0,0,0,2,0,2,0,0.2,3,0,0,0,0,
RB,SS,SoCal,Dana Point,No Cage,As,1,0,NA,7/19/2023,9/16/2023,59,8,RB,JO,10,0,40,15,0,0,0,0,0,0,0,0,0,0,0,0,0,0,0,0,0,0,0,0,0,0.5,0,0,0,0,3,0,25,0,0,0,0,0,1,0,3,0,0,0,0,0,0,3,0,0,0,0,0.5,1,0,0,0,0,0,0,0,0,0,0,0,0,0.6,0.2,0,0.3,0,0,0,0,0,
RB,SS,SoCal,Dana Point,Partial,As,0,0,NA,7/19/2023,9/16/2023,59,8,RB,JO,25,0,45,10,0,0,0,0,0,0.2,0,0,0,0,0,0,0,0,0,0,0,0,0,0,0,0,0,0,0,0,0,4,1,7,0,0,0,0,0.2,0,3,0,0,0,0,0,0,2,0,0,0,0,0,0,0,0,0,0,0,0,0,0,0,0,0,0,0,3,0,0,0,0,0,0,0.2,
RB,SS,SoCal,Dana Point,0 Whelk,As,1,0,NA,7/19/2023,9/16/2023,59,8,RB,JO,5,0,50,5,0,0,0,0,0,0,2,0,0,0,0,0,0,0,0,0,0,0,0,0,0,0,0,0,0,0,3,0,25,0,0,0,0,0,0,0,10,0,0,1,0,2,0,0,0,0,0,0,0.5,1,0,0,0,0,0,0,0,0,0,0,0,0,0,3,0,0,0,0,0,0,0,Many barnacles overgrown by algae
RB,SS,SoCal,Scripps,0 Whelk,As,0,0,NA,7/21/2023,9/17/2023,58,8,RB,HW,9,0,60,15,0,0,0,0,0,0,0,0,0,0,0,0,0,0,0,0,0,0,0,0,0,0.5,0,0,0,0,0,0.2,0,0,0,10,0,0,0,0,0.7,0,0,0,0,4,0,12,0,0,0,0.1,0,0,0,0,0,0,0,0,0,0,0,0,0.2,0,0,0.8,0,0,1,0,0,0,0,
RB,SS,SoCal,Scripps,6 Whelk,As,7,0,NA,7/21/2023,9/17/2023,58,8,RB,HW,20,0,15,30,0,0,0,0,0,0.1,0,0,0,0,0,0,0,0,0,0,0,0,0,0,0,3,0,0,0,0,0,0,0,0,0,1,2,0,0,0,0,0,0,0,0,7,0,30,0,0,0,0,5,7,0,0,0,0,0,0,0,0,0,0,0.1,0,2,0.8,0,0,1,0,0,0,0,
RB,SS,SoCal,Scripps,3 Whelk,As,3,0,NA,7/21/2023,9/17/2023,58,8,RB,HW,25,0,25,20,0.2,1,0,0,0,0.2,0.5,0.5,1,0,0,0,0.2,0,0,0,0,0,0,0,0,0,0,0,0,1,0,0.1,0,2,0,0,0,0,0,0,0,0,0,0,0,0,0,0,0,0,0,0,2,3,0,0,0,0,0,0,0,0,0,0,0,0,7,6,0,0,3,0,0,0,0,
RB,SS,SoCal,Scripps,Partial,As,2,0,NA,7/21/2023,9/17/2023,58,8,RB,HW,50,0,25,15,0,0,0,0,0,0,0,0,0,0,0,0,0,0,0,0,0,0,0,0,0,0,0,0,0,0,0,0,0,0.4,0,0,0,0,0,0,0,0,0,0,0,0,0,1,0,0,0,0,0.5,2,0,0,0,0,0,0,0,0,0,0,0,0,2,4,2,0,0,0,0,0,0,
RB,SS,SoCal,Scripps,No Cage,As,0,0,NA,7/21/2023,9/17/2023,58,8,RB,HW,51,0,17,2,0,0,0,0,0,0,1,0,0,0,0,0,0,0,0,0,0,0,0,0,0,17,0,0,0,0,0,0,4,0,0,0,0,0,0,0,0,0,0,0,0,0,0,0,0,0,0,0,0,0,0,0,0,0,0,0,0,0,0,0,0,0,2,3,0,0,0,0,0,0,0,
RB,SS,SoCal,Scripps,1 Whelk,As,17,0,NA,7/21/2023,9/17/2023,58,8,RB,HW,20,0,42,8,0,0,0,0,0,0,0,0,0,0,0,0,0,0,0,0,0,0,0,0,0,0,0,0,0,0,4,2,0,1,0,0,0.5,0,0,0,2,0,0,0,0,4,0,9,0,0,0,0,4,17,0,0,0,0,0,0,0,0,0,0,0,1,1,5,0,0.5,0,0,0,0,0,"1 medium As in cage, 16 tiny whelks could probably crawl through mesh (thus likely same impact across all cages)"
RB,SS,SoCal,Scripps,12 Whelk,As,13,0,NA,7/21/2023,9/17/2023,58,8,RB,HW,15,0,12,39,0,0,0,0,0,0,0,0,0,0,0,0,0,0,0,0,0,0,0,0,0,0.5,0,0.5,0,0,0,0,9,0,0,8,0,0,7,0,0.8,0,0,0,0,2,0,8,0,0,0,0.5,9,13,0,0,0,0,0,0,0,0,0,0,0,0,1,4,0,0,0.5,0,0.5,0,0,
