Entered_By,QAQC_By,Region,Site,Survey_Date,Surveyor,Method,Vert_Transect_Number,Vert_Transect_Dist_m,GPS_Lat,GPS_Long,Rod_Height_Waterline_m,Surveyor_Hgt_m,Laser_to_Waterline_m,TH_at_Waterline_m,TH_Laser_Top,Rod_Height_Transect_Top,TH_Transect_Top_m,Notes
RB,AA,SoCal,Victoria Beach,4/19/2022,"HW, CC",Laser,5,24,33.51969,-117.76455,NA,0.94,2.79,-0.15,2.64,0.72,1.92,QA/QC: Changed date from 4/29/22 to 4/19/22
RB,AA,SoCal,Victoria Beach,4/19/2022,"HW, CC",Laser,4,13,33.51962,-117.76452,NA,0.94,2.79,-0.15,2.64,1.07,1.57,QA/QC: Changed date to 4/19/22
RB,AA,SoCal,Victoria Beach,4/19/2022,"HW, CC",Laser,3,12,33.51963,-117.76446,NA,0.94,2.79,-0.15,2.64,1.1,1.54,QA/QC: Changed date to 4/19/22
RB,AA,SoCal,Victoria Beach,4/19/2022,"HW, CC",Laser,2,10,33.51962,-117.76443,NA,0.94,2.79,-0.15,2.64,1.21,1.43,QA/QC: Changed date to 4/19/22
RB,AA,SoCal,Victoria Beach,4/19/2022,"HW, CC",Laser,1,5,33.51965,-117.76441,NA,0.94,2.79,-0.15,2.64,1.18,1.46,QA/QC: Changed date to 4/19/22
AA,RB,Baja,Saldamando,5/20/2022,"CC, RV",Laser,5,22,31.92846,-116.75546,NA,1.28,2.68,-0.245,2.44,1.72,0.72,
AA,RB,Baja,Saldamando,5/20/2022,"CC, RV",Laser,4,18,31.92845,-116.75545,NA,1.28,2.68,-0.245,2.44,1.24,1.20,
AA,RB,Baja,Saldamando,5/20/2022,"CC, RV",Laser,3,17,31.92844,-116.75542,NA,1.28,2.68,-0.245,2.44,1.6,0.84,
AA,RB,Baja,Saldamando,5/20/2022,"CC, RV",Laser,2,16,31.92842,-116.75542,NA,1.28,2.68,-0.245,2.44,1.24,1.20,
AA,RB,Baja,Saldamando,5/20/2022,"CC, RV",Laser,1,13,31.92835,-116.75552,NA,1.28,2.68,-0.245,2.44,1.16,1.28,
AA,RB,Baja,San Miguel,5/19/2022,CC ,Laser,5,22,31.90182,-116.72755,NA,1.22,3.46,-0.253,3.21,2.05,1.16,
AA,RB,Baja,San Miguel,5/19/2022,CC ,Laser,4,21,31.90182,-116.72756,NA,1.22,3.46,-0.253,3.21,1.7,1.51,
AA,RB,Baja,San Miguel,5/19/2022,CC ,Laser,3,17,31.90186,-116.72754,NA,1.22,3.46,-0.253,3.21,1.93,1.28,
AA,RB,Baja,San Miguel,5/19/2022,CC ,Laser,2,16,31.90185,-116.72752,NA,1.22,3.46,-0.253,3.21,1.91,1.30,
AA,RB,Baja,San Miguel,5/19/2022,CC ,Laser,1,7,31.90184,-116.72741,NA,1.22,3.46,-0.253,3.21,1.99,1.22,
AA,RB,Baja,Punta Morro,5/22/2022,CC,Laser,5,19,31.86150,-116.66790,NA,1.2,2.22,-0.1,2.12,1.19,0.93,
AA,RB,Baja,Punta Morro,5/22/2022,CC,Laser,4,11,31.86149,-116.66783,NA,1.2,2.22,-0.1,2.12,1.24,0.88,
AA,RB,Baja,Punta Morro,5/22/2022,CC,Laser,3,10,31.86157,-116.66788,NA,1.2,2.22,-0.1,2.12,1.02,1.1,
AA,RB,Baja,Punta Morro,5/22/2022,CC,Laser,2,3,31.86148,-116.66775,NA,1.2,2.22,-0.1,2.12,1.35,0.77,
AA,RB,Baja,Punta Morro,5/22/2022,CC,Laser,1,2,31.86146,-116.66772,NA,1.2,2.22,-0.1,2.12,1.26,0.86,
AA,RB,Baja,Campo Kennedy,5/21/2022,"CC, JL",Laser,5,16,31.70260,-116.68332,NA,1.34,2.42,-0.145,2.28,0.78,1.50,
AA,RB,Baja,Campo Kennedy,5/21/2022,"CC, JL",Laser,4,10,31.70257,-116.68327,NA,1.34,2.42,-0.145,2.28,1.33,0.95,
AA,RB,Baja,Campo Kennedy,5/21/2022,"CC, JL",Laser,3,8,31.70257,-116.68325,NA,1.34,2.42,-0.145,2.28,1.08,1.20,
AA,RB,Baja,Campo Kennedy,5/21/2022,"CC, JL",Laser,2,7,31.70257,-116.68322,NA,1.34,2.42,-0.145,2.28,1.18,1.10,
AA,RB,Baja,Campo Kennedy,5/21/2022,"CC, JL",Laser,1,3,31.70255,-116.68320,NA,1.34,2.42,-0.145,2.28,1.11,1.17,
AA,RB,Baja,La Chorera Norte,5/24/2022,CC,Laser,5,13,30.47474,-116.04760,NA,1.07,2.7,0.116,2.82,1.13,1.69,
AA,RB,Baja,La Chorera Norte,5/24/2022,CC,Laser,4,11,30.47471,-116.04762,NA,1.07,2.7,0.116,2.82,1.36,1.46,
AA,RB,Baja,La Chorera Norte,5/24/2022,CC,Laser,3,9,30.47470,-116.04763,NA,1.07,2.7,0.116,2.82,1.56,1.26,
AA,RB,Baja,La Chorera Norte,5/24/2022,CC,Laser,2,8,30.47469,-116.04765,NA,1.07,2.7,0.116,2.82,1.47,1.35,
AA,RB,Baja,La Chorera Norte,5/24/2022,CC,Laser,1,2,30.47464,-116.04761,NA,1.07,2.7,0.116,2.82,1,1.82,
AA,RB,Baja,La Chorera,5/23/2022,CC,Laser,5,18,30.45973,-116.03792,NA,1.11,2.83,0.007,2.84,0.95,1.89,
AA,RB,Baja,La Chorera,5/23/2022,CC,Laser,4,17,30.45960,-116.03806,NA,1.11,2.83,0.007,2.84,1.23,1.61,
AA,RB,Baja,La Chorera,5/23/2022,CC,Laser,3,7,30.45950,-116.03801,NA,1.11,2.83,0.007,2.84,0.85,1.99,
AA,RB,Baja,La Chorera,5/23/2022,CC,Laser,2,2,30.45947,-116.03802,NA,1.11,2.83,0.007,2.84,1.4,1.44,
AA,RB,Baja,La Chorera,5/23/2022,CC,Laser,1,1,30.45945,-116.03802,NA,1.11,2.83,0.007,2.84,1.2,1.64,
AA,RB,NorCal,Mendocino North,6/18/2022,CC,Laser,5,25,40.39699,-124.37951,NA,1.07,2.97,-0.43,2.54,0.95,1.59,
AA,RB,NorCal,Mendocino North,6/18/2022,CC,Laser,4,23,40.39697,-124.37949,NA,1.07,2.97,-0.43,2.54,1.32,1.22,
AA,RB,NorCal,Mendocino North,6/18/2022,CC,Laser,3,15,40.39693,-124.37944,NA,1.07,2.97,-0.43,2.54,1.13,1.41,
AA,RB,NorCal,Mendocino North,6/18/2022,CC,Laser,2,14,40.39692,-124.37944,NA,1.07,2.97,-0.43,2.54,0.76,1.78,
AA,RB,NorCal,Mendocino North,6/18/2022,CC,Laser,1,0,40.39679,-124.37943,NA,1.07,2.97,-0.43,2.54,1.03,1.51,
AA,RB,NorCal,Mendocino South,6/19/2022,"HW, CC",Laser,5,24,40.39530,-124.37622,NA,1.15,2.68,-0.14,2.54,1.36,1.18,
AA,RB,NorCal,Mendocino South,6/19/2022,"HW, CC",Laser,4,10,40.39521,-124.37615,NA,1.15,2.68,-0.14,2.54,0.57,1.97,
AA,RB,NorCal,Mendocino South,6/19/2022,"HW, CC",Laser,3,9,40.39520,-124.37614,NA,1.15,2.68,-0.14,2.54,0.6,1.94,
AA,RB,NorCal,Mendocino South,6/19/2022,"HW, CC",Laser,2,8,40.39521,-124.37611,NA,1.15,2.68,-0.14,2.54,0.94,1.6,
AA,RB,NorCal,Mendocino South,6/19/2022,"HW, CC",Laser,1,7,40.39520,-124.37611,NA,1.15,2.68,-0.14,2.54,1.25,1.29,
AA,RB,NorCal,Moat Creek,6/17/2022,CC,Laser,5,25,38.88115,-123.67848,NA,1.01,2.65,-0.28,2.37,0.46,1.91,
AA,RB,NorCal,Moat Creek,6/17/2022,CC,Laser,4,24,38.88120,-123.67846,NA,1.01,2.65,-0.28,2.37,0.41,1.96,
AA,RB,NorCal,Moat Creek,6/17/2022,CC,Laser,3,13,38.88124,-123.67833,NA,1.01,2.65,-0.28,2.37,0.6,1.77,
AA,RB,NorCal,Moat Creek,6/17/2022,CC,Laser,2,3,38.88128,-123.67823,NA,1.01,2.65,-0.28,2.37,0.57,1.8,
AA,RB,NorCal,Moat Creek,6/17/2022,CC,Laser,1,2,38.88130,-123.67824,NA,1.01,2.65,-0.28,2.37,0.49,1.88,
AA,RB,NorCal,Sea Ranch,6/16/2022,CC,Laser,5,25,38.72501,-123.47919,NA,0.93,4,-0.19,3.81,1.25,2.56,
AA,RB,NorCal,Sea Ranch,6/16/2022,CC,Laser,4,23,38.72485,-123.47928,NA,0.93,4,-0.19,3.81,1.36,2.45,
AA,RB,NorCal,Sea Ranch,6/16/2022,CC,Laser,3,20,38.72485,-123.47985,NA,0.93,4,-0.19,3.81,1.57,2.24,
AA,RB,NorCal,Sea Ranch,6/16/2022,CC,Laser,2,12,38.72479,-123.47926,NA,0.93,4,-0.19,3.81,1.1,2.71,
AA,RB,NorCal,Sea Ranch,6/16/2022,CC,Laser,1,6,38.72476,-123.47922,NA,0.93,4,-0.19,3.81,1.5,2.31,
AA,RB,NorCal,Dillon Beach,6/15/2022,"RB, HW",Sight,5,21,38.257394,-122.97101,NA,1.9,2.93,-0.02,2.91,1.97,0.94,"Forgot to collect GPS coordinates; Approx. coords. 38.2573940, -122.9710100"
AA,RB,NorCal,Dillon Beach,6/15/2022,"RB, HW",Sight,4,14,38.257394,-122.97101,NA,1.9,2.93,-0.02,2.91,0.98,1.93,"Forgot to collect GPS coordinates; Approx. coords. 38.2573940, -122.9710101"
AA,RB,NorCal,Dillon Beach,6/15/2022,"RB, HW",Sight,3,13,38.257394,-122.97101,NA,1.9,2.93,-0.02,2.91,1.1,1.81,"Forgot to collect GPS coordinates; Approx. coords. 38.2573940, -122.9710102"
AA,RB,NorCal,Dillon Beach,6/15/2022,"RB, HW",Sight,2,3,38.257394,-122.97101,NA,1.9,2.93,-0.02,2.91,0.83,2.08,"Forgot to collect GPS coordinates; Approx. coords. 38.2573940, -122.9710103"
AA,RB,NorCal,Dillon Beach,6/15/2022,"RB, HW",Sight,1,0,38.257394,-122.97101,NA,1.9,2.93,-0.02,2.91,0.96,1.95,All tops surveyed from central point. 
AA,RB,NorCal,Rancho Marino,6/14/2022,RB ,Sight,5,25,35.54068,-121.09288,3.38,1.74,3.38,-0.15,3.23,1.27,1.96,
AA,RB,NorCal,Rancho Marino,6/14/2022,RB ,Sight,4,19,35.54060,-121.09293,3.38,1.74,3.38,-0.15,3.23,1.4,1.83,
AA,RB,NorCal,Rancho Marino,6/14/2022,RB ,Sight,3,15,35.54061,-121.09294,3.38,1.74,3.38,-0.15,3.23,1.74,1.49,
AA,RB,NorCal,Rancho Marino,6/14/2022,RB ,Sight,2,7,35.54052,-121.09293,3.38,1.74,3.38,-0.15,3.23,1.46,1.77,
AA,RB,NorCal,Rancho Marino,6/14/2022,RB ,Sight,1,1,35.54045,-121.09292,3.38,1.74,3.38,-0.15,3.23,1.28,1.95,
AA,RB,NorCal,Mussel Rock,6/20/2022,"HW, CC",Laser,5,18,40.34743,-124.36451,NA,0.93,2.78,-0.02,2.76,1.27,1.49,
AA,RB,NorCal,Mussel Rock,6/20/2022,"HW, CC",Laser,4,13,40.34745,-124.36445,NA,0.93,2.78,-0.02,2.76,0.8,1.96,
AA,RB,NorCal,Mussel Rock,6/20/2022,"HW, CC",Laser,3,11,40.34747,-124.36443,NA,0.93,2.78,-0.02,2.76,0.92,1.84,
AA,RB,NorCal,Mussel Rock,6/20/2022,"HW, CC",Laser,2,10,40.34747,-124.36443,NA,0.93,2.78,-0.02,2.76,0.91,1.85,
AA,RB,NorCal,Mussel Rock,6/20/2022,"HW, CC",Laser,1,9,40.34738,-124.36430,NA,0.93,2.78,-0.02,2.76,0.95,1.81,
AA,RB,NorCal,Coal Oil,6/13/2022,RB,Laser,5,NA,NA,NA,NA,1.21,1.57,-0.12,1.45,NA,NA,"No community survey conducted, so no transect coordinates. Little elevational gradient/vert flat. Barnacles all at top of shore. Lots of anemones, mussels (big ones too). Easy access - talk to reserve manager + gate code"
AA,RB,NorCal,Coal Oil,6/13/2022,RB,Laser,4,NA,NA,NA,NA,1.21,1.57,-0.12,1.45,NA,NA,No community survey conducted
AA,RB,NorCal,Coal Oil,6/13/2022,RB,Laser,3,NA,NA,NA,NA,1.21,1.57,-0.12,1.45,NA,NA,No community survey conducted
AA,RB,NorCal,Coal Oil,6/13/2022,RB,Laser,2,NA,NA,NA,NA,1.21,1.57,-0.12,1.45,NA,NA,No community survey conducted
AA,RB,NorCal,Coal Oil,6/13/2022,RB,Laser,1,NA,NA,NA,NA,1.21,1.57,-0.12,1.45,NA,NA,No community survey conducted
RB,AA,SoCal,Little Corona,4/22/2022,"CC, JH",Laser,5,7,33.58894,-117.86845,NA,1.24,2.42,0.098,2.52,0.58,1.94,
RB,AA,SoCal,Little Corona,4/22/2022,"CC, JH",Laser,4,6,33.58900,-117.86841,NA,1.24,2.42,0.098,2.52,0.61,1.91,
RB,AA,SoCal,Little Corona,4/22/2022,"CC, JH",Laser,3,5,33.58898,-117.86843,NA,1.24,2.42,0.098,2.52,0.62,1.90,
RB,AA,SoCal,Little Corona,4/22/2022,"CC, JH",Laser,2,4,33.58898,-117.86839,NA,1.24,2.42,0.098,2.52,0.67,1.85,
RB,AA,SoCal,Little Corona,4/22/2022,"CC, JH",Laser,1,1,33.58895,-117.86839,NA,1.24,2.42,0.098,2.52,0.88,1.64,
RB,AA,SoCal,Crystal Cove,4/21/2022,HW,Laser,5,23,33.56867,-117.83586,NA,1.23,2.72,-0.08,2.64,1.67,0.97,
RB,AA,SoCal,Crystal Cove,4/21/2022,HW,Laser,4,22,33.56865,-117.83586,NA,1.23,2.72,-0.08,2.64,1.26,1.38,
RB,AA,SoCal,Crystal Cove,4/21/2022,HW,Laser,3,14,33.56862,-117.83578,NA,1.23,2.72,-0.08,2.64,1.24,1.40,
RB,AA,SoCal,Crystal Cove,4/21/2022,HW,Laser,2,8,33.56859,-117.83578,NA,1.23,2.72,-0.08,2.64,0.59,2.05,
RB,AA,SoCal,Crystal Cove,4/21/2022,HW,Laser,1,1,33.56859,-117.83569,NA,1.23,2.72,-0.08,2.64,1.24,1.40,
RB,AA,SoCal,Shaw's Cove,4/20/2022,"CC, JR",Laser,5,18,33.54472,-117.79973,NA,1.37,2.28,-0.19,2.09,0.81,1.28,
RB,AA,SoCal,Shaw's Cove,4/20/2022,"CC, JR",Laser,4,17,33.54475,-117.79972,NA,1.37,2.28,-0.19,2.09,0.87,1.22,
RB,AA,SoCal,Shaw's Cove,4/20/2022,"CC, JR",Laser,3,15,33.54475,-117.79971,NA,1.37,2.28,-0.19,2.09,1.08,1.01,
RB,AA,SoCal,Shaw's Cove,4/20/2022,"CC, JR",Laser,2,13,33.54473,-117.79971,NA,1.37,2.28,-0.19,2.09,0.73,1.36,
RB,AA,SoCal,Shaw's Cove,4/20/2022,"CC, JR",Laser,1,8,33.54477,-117.79966,NA,1.37,2.28,-0.19,2.09,0.76,1.33,
RB,AA,SoCal,Heisler Park,4/13/2022,"RB, JR",Laser,5,16,33.54240,-117.78931,NA,1.12,2.96,0.09,3.05,1.13,1.92,
RB,AA,SoCal,Heisler Park,4/13/2022,"RB, JR",Laser,4,14,33.54239,-117.78929,NA,1.12,2.96,0.09,3.05,1.04,2.01,
RB,AA,SoCal,Heisler Park,4/13/2022,"RB, JR",Laser,3,7,33.54236,-117.78923,NA,1.12,2.96,0.09,3.05,1.34,1.71,
RB,AA,SoCal,Heisler Park,4/13/2022,"RB, JR",Laser,2,6,33.54235,-117.78919,NA,1.12,2.96,0.09,3.05,1.19,1.86,
RB,AA,SoCal,Heisler Park,4/13/2022,"RB, JR",Laser,1,4,33.54238,-117.78922,NA,1.12,2.96,0.09,3.05,1.26,1.79,
RB,AA,SoCal,Swami's,4/15/2022,RB,Laser,5,13,33.03545,-117.29448,NA,1.28,2.16,0.055,2.22,0.87,1.35,
RB,AA,SoCal,Swami's,4/15/2022,RB,Laser,4,12,33.03543,-117.29449,NA,1.28,2.16,0.055,2.22,0.88,1.34,
RB,AA,SoCal,Swami's,4/15/2022,RB,Laser,3,9,33.03540,-117.29449,NA,1.28,2.16,0.055,2.22,0.86,1.36,
RB,AA,SoCal,Swami's,4/15/2022,RB,Laser,2,8,33.03539,-117.29448,NA,1.28,2.16,0.055,2.22,1.33,0.89,
RB,AA,SoCal,Swami's,4/15/2022,RB,Laser,1,1,33.03518,-117.29437,NA,1.28,2.16,0.055,2.22,0.91,1.31,
RB,AA,SoCal,Cabrillo,4/24/2022,RB,Laser,5,24,32.66788,-117.24508,NA,1.34,2.09,-0.05,2.04,1.44,0.60,
RB,AA,SoCal,Cabrillo,4/24/2022,RB,Laser,4,23,32.66788,-117.24509,NA,1.34,2.09,-0.05,2.04,1.26,0.78,
RB,AA,SoCal,Cabrillo,4/24/2022,RB,Laser,3,5,32.66772,-117.24507,NA,1.34,2.09,-0.05,2.04,0.72,1.32,
RB,AA,SoCal,Cabrillo,4/24/2022,RB,Laser,2,2,32.66768,-117.24507,NA,1.34,2.09,-0.05,2.04,1.04,1.00,
RB,AA,SoCal,Cabrillo,4/24/2022,RB,Laser,1,1,32.66770,-117.24506,NA,1.34,2.09,-0.05,2.04,1.11,0.93,
RB,AA,SoCal,Scripps,4/27/2022,"CC, TL",Laser,5,21,32.87135,-117.25330,NA,1.42,3.47,0.028,3.50,1.44,2.06,
RB,AA,SoCal,Scripps,4/27/2022,"CC, TL",Laser,4,19,32.87134,-117.25330,NA,1.42,3.47,0.028,3.50,1.92,1.58,
RB,AA,SoCal,Scripps,4/27/2022,"CC, TL",Laser,3,11,32.87130,-117.25336,NA,1.42,3.47,0.028,3.50,2.11,1.39,
RB,AA,SoCal,Scripps,4/27/2022,"CC, TL",Laser,2,10,32.87131,-117.25327,NA,1.42,3.47,0.028,3.50,2.2,1.30,
RB,AA,SoCal,Scripps,4/27/2022,"CC, TL",Laser,1,2,32.87122,-117.25342,NA,1.42,3.47,0.028,3.50,1.25,2.25,
RB,AA,SoCal,Cardiff,4/23/2022,"CC, JR",Laser,5,25,32.99998,-117.27855,NA,0.97,2.03,-0.101,1.93,0.58,1.35,
RB,AA,SoCal,Cardiff,4/23/2022,"CC, JR",Laser,4,18,32.99993,-117.27859,NA,0.97,2.03,-0.101,1.93,0.99,0.94,
RB,AA,SoCal,Cardiff,4/23/2022,"CC, JR",Laser,3,13,32.99992,-117.27863,NA,0.97,2.03,-0.101,1.93,0.61,1.32,
RB,AA,SoCal,Cardiff,4/23/2022,"CC, JR",Laser,2,11,32.99990,-117.27863,NA,0.97,2.03,-0.101,1.93,0.64,1.29,
RB,AA,SoCal,Cardiff,4/23/2022,"CC, JR",Laser,1,10,32.99989,-117.27864,NA,0.97,2.03,-0.101,1.93,0.58,1.35,
RB,AA,SoCal,Dana Point,4/25/2022,"CC, MD",Laser,5,20,33.45987,-117.71514,NA,1.04,2.56,-0.054,2.51,1.01,1.50,
RB,AA,SoCal,Dana Point,4/25/2022,"CC, MD",Laser,4,18,33.45985,-117.71513,NA,1.04,2.56,-0.054,2.51,0.91,1.60,
RB,AA,SoCal,Dana Point,4/25/2022,"CC, MD",Laser,3,17,33.45984,-117.71515,NA,1.04,2.56,-0.054,2.51,0.99,1.52,
RB,AA,SoCal,Dana Point,4/25/2022,"CC, MD",Laser,2,8,33.45976,-117.71519,NA,1.04,2.56,-0.054,2.51,1.64,0.87,
RB,AA,SoCal,Dana Point,4/25/2022,"CC, MD",Laser,1,0,33.45972,-117.71523,NA,1.04,2.56,-0.054,2.51,1.61,0.90,
RB,AA,SoCal,Goff Island,4/26/2022,"CC, JL",Laser,5,16,33.51381,-117.76047,NA,1.06,2.28,-0.061,2.22,0.18,2.04,
RB,AA,SoCal,Goff Island,4/26/2022,"CC, JL",Laser,4,9,33.51375,-117.76043,NA,1.06,2.28,-0.061,2.22,0.19,2.03,
RB,AA,SoCal,Goff Island,4/26/2022,"CC, JL",Laser,3,7,33.51373,-117.76041,NA,1.06,2.28,-0.061,2.22,0.43,1.79,
RB,AA,SoCal,Goff Island,4/26/2022,"CC, JL",Laser,2,6,33.51371,-117.76038,NA,1.06,2.28,-0.061,2.22,0.63,1.59,
RB,AA,SoCal,Goff Island,4/26/2022,"CC, JL",Laser,1,4,33.51369,-117.76039,NA,1.06,2.28,-0.061,2.22,0.62,1.60,
AA,SS,SoCal,Little Corona,10/11/22,"RB, JC",Laser,5,25,33.58900,-117.86841,NA,1.22,2.31,0.03,2.34,1.05,1.29,
AA,SS,SoCal,Little Corona,10/11/22,"RB, JC",Laser,4,24,33.58905,-117.86844,NA,1.22,2.31,0.03,2.34,0.97,1.37,
AA,SS,SoCal,Little Corona,10/11/22,"RB, JC",Laser,3,14,33.58904,-117.86847,NA,1.22,2.31,0.03,2.34,0.89,1.45,
AA,SS,SoCal,Little Corona,10/11/22,"RB, JC",Laser,2,10,33.58913,-117.86855,NA,1.22,2.31,0.03,2.34,0.65,1.69,
AA,SS,SoCal,Little Corona,10/11/22,"RB, JC",Laser,1,4,33.58912,-117.86855,NA,1.22,2.31,0.03,2.34,0.91,1.43,
AA,SS,SoCal,Shaw's Cove,10/12/2022,"RB, ET",Laser,5,22,33.54475,-117.79977,NA,0.99,2.14,0.14,2.28,0.54,1.74,
AA,SS,SoCal,Shaw's Cove,10/12/2022,"RB, ET",Laser,4,19,33.54477,-117.79974,NA,0.99,2.14,0.14,2.28,1,1.28,
AA,SS,SoCal,Shaw's Cove,10/12/2022,"RB, ET",Laser,3,7,33.54479,-117.79965,NA,0.99,2.14,0.14,2.28,0.66,1.62,
AA,SS,SoCal,Shaw's Cove,10/12/2022,"RB, ET",Laser,2,3,33.54480,-117.79959,NA,0.99,2.14,0.14,2.28,0.33,1.95,
AA,SS,SoCal,Shaw's Cove,10/12/2022,"RB, ET",Laser,1,2,33.54484,-117.79969,NA,0.99,2.14,0.14,2.28,0.33,1.95,
AA,SS,SoCal,Crystal Cove,10/10/2022,"CC, Hannah",Laser,5,23,33.56863,-117.83597,NA,1.11,1.84,0.14,1.98,0.72,1.26,
AA,SS,SoCal,Crystal Cove,10/10/2022,"CC, Hannah",Laser,4,18,33.56866,-117.83585,NA,1.11,1.84,0.14,1.98,0.63,1.35,
AA,SS,SoCal,Crystal Cove,10/10/2022,"CC, Hannah",Laser,3,16,33.56867,-117.83584,NA,1.11,1.84,0.14,1.98,0.83,1.15,
AA,SS,SoCal,Crystal Cove,10/10/2022,"CC, Hannah",Laser,2,13,33.56864,-117.83583,NA,1.11,1.84,0.14,1.98,0.87,1.11,
AA,SS,SoCal,Crystal Cove,10/10/2022,"CC, Hannah",Laser,1,8,33.56865,-117.83575,NA,1.11,1.84,0.14,1.98,0.76,1.22,
AA,SS,SoCal,Cardiff,10/9/2022,"CC, Maria",Laser,5,17,32.99996,-117.27857,NA,1.09,2.1,0.11,2.21,0.89,1.32,
AA,SS,SoCal,Cardiff,10/9/2022,"CC, Maria",Laser,4,15,32.99993,-117.27860,NA,1.09,2.1,0.11,2.21,0.87,1.34,
AA,SS,SoCal,Cardiff,10/9/2022,"CC, Maria",Laser,3,9,32.99993,-117.27863,NA,1.09,2.1,0.11,2.21,0.92,1.29,
AA,SS,SoCal,Cardiff,10/9/2022,"CC, Maria",Laser,2,6,32.99991,-117.27866,NA,1.09,2.1,0.11,2.21,0.97,1.24,
AA,SS,SoCal,Cardiff,10/9/2022,"CC, Maria",Laser,1,5,32.99990,-117.27867,NA,1.09,2.1,0.11,2.21,0.99,1.22,
SS,AA,SoCal,Heisler Park,10/24/2022,"RB,NO",Laser,5,21,33.54248,-117.78934,NA,1.22,2.9,0.07,2.97,1.84,1.13,
SS,AA,SoCal,Heisler Park,10/24/2022,"RB,NO",Laser,4,20,33.54248,-117.78934,NA,1.22,2.9,0.07,2.97,1.75,1.22,
SS,AA,SoCal,Heisler Park,10/24/2022,"RB,NO",Laser,3,11,33.54240,-117.78930,NA,1.22,2.9,0.07,2.97,1.28,1.69,
SS,AA,SoCal,Heisler Park,10/24/2022,"RB,NO",Laser,2,1,33.54237,-117.78920,NA,1.22,2.9,0.07,2.97,1.23,1.74,
SS,AA,SoCal,Heisler Park,10/24/2022,"RB,NO",Laser,1,0,33.54238,-117.78923,NA,1.22,2.9,0.07,2.97,1.39,1.58,
SS,AA,SoCal,Goff Island,10/25/2022,CC,Laser,5,22,33.51383,-117.76044,NA,1.16,3.62,0.08,3.7,1.58,2.12,
SS,AA,SoCal,Goff Island,10/25/2022,CC,Laser,4,20,33.51383,-117.76045,NA,1.16,3.62,0.08,3.7,1.63,2.07,
SS,AA,SoCal,Goff Island,10/25/2022,CC,Laser,3,14,33.51377,-117.76042,NA,1.16,3.62,0.08,3.7,1.83,1.87,
SS,AA,SoCal,Goff Island,10/25/2022,CC,Laser,2,11,33.51376,-117.76043,NA,1.16,3.62,0.08,3.7,1.55,2.15,
SS,AA,SoCal,Goff Island,10/25/2022,CC,Laser,1,8,33.51373,-117.76043,NA,1.16,3.62,0.08,3.7,1.45,2.25,
AA,SS,SoCal,Dana Point,11/9/2022,HW,Laser,5,23,33.45961,-117.71516,NA,0.94,2.49,-0.12,2.37,0.9,1.47,
AA,SS,SoCal,Dana Point,11/9/2022,HW,Laser,4,21,33.45988,-117.71510,NA,0.94,2.49,-0.12,2.37,0.95,1.42,
AA,SS,SoCal,Dana Point,11/9/2022,HW,Laser,3,18,33.45989,-117.71513,NA,0.94,2.49,-0.12,2.37,1.01,1.36,
AA,SS,SoCal,Dana Point,11/9/2022,HW,Laser,2,17,33.45988,-117.71513,NA,0.94,2.49,-0.12,2.37,0.88,1.49,
AA,SS,SoCal,Dana Point,11/9/2022,HW,Laser,1,5,33.45977,-117.71520,NA,0.94,2.49,-0.12,2.37,1.44,0.93,
AA,SS,SoCal,Scripps,11/7/2022,CC,Laser,5,25,32.87151,-117.25317,NA,1.41,2.46,0.18,2.64,0.66,1.98,
AA,SS,SoCal,Scripps,11/7/2022,CC,Laser,4,24,32.87149,-117.25321,NA,1.41,2.46,0.18,2.64,0.92,1.72,
AA,SS,SoCal,Scripps,11/7/2022,CC,Laser,3,22,32.87142,-117.25322,NA,1.41,2.46,0.18,2.64,0.95,1.69,
AA,SS,SoCal,Scripps,11/7/2022,CC,Laser,2,11,32.87141,-117.25328,NA,1.41,2.46,0.18,2.64,1.59,1.05,
AA,SS,SoCal,Scripps,11/7/2022,CC,Laser,1,1,32.87135,-117.25331,NA,1.41,2.46,0.18,2.64,1.07,1.57,
AA,SS,SoCal,Swami's,11/6/2022,"AA, CG",Laser,5,16,33.51963,-117.76445,NA,1.14,2.29,0.01,2.3,0.79,1.51,
AA,SS,SoCal,Swami's,11/6/2022,"AA, CG",Laser,4,9,33.03539,-117.29446,NA,1.14,2.29,0.01,2.3,1.17,1.13,
AA,SS,SoCal,Swami's,11/6/2022,"AA, CG",Laser,3,7,33.03517,-117.29444,NA,1.14,2.29,0.01,2.3,1.01,1.29,
AA,SS,SoCal,Swami's,11/6/2022,"AA, CG",Laser,2,6,33.03518,-117.29443,NA,1.14,2.29,0.01,2.3,0.99,1.31,
AA,SS,SoCal,Swami's,11/6/2022,"AA, CG",Laser,1,4,33.03519,-117.29438,NA,1.14,2.29,0.01,2.3,0.71,1.59,
AA,SS,SoCal,Victoria Beach,10/27/2022,CC,Laser,5,17,32.66782,-117.24508,NA,1.46,2.89,-0.15,2.74,0.91,1.83,
AA,SS,SoCal,Victoria Beach,10/27/2022,CC,Laser,4,15,33.51972,-117.76453,NA,1.46,2.89,-0.15,2.74,0.7,2.04,
AA,SS,SoCal,Victoria Beach,10/27/2022,CC,Laser,3,13,33.51968,-117.76453,NA,1.46,2.89,-0.15,2.74,0.82,1.92,
AA,SS,SoCal,Victoria Beach,10/27/2022,CC,Laser,2,5,33.51965,-117.76447,NA,1.46,2.89,-0.15,2.74,0.92,1.82,
AA,SS,SoCal,Victoria Beach,10/27/2022,CC,Laser,1,2,33.51965,-117.76443,NA,1.46,2.89,-0.15,2.74,1.12,1.62,
AA,SS,SoCal,Cabrillo,10/26/2022,"RB, ZR",Laser,5,24,32.66781,-117.24506,NA,1.18,2.07,-0.14,1.93,1,0.93,
AA,SS,SoCal,Cabrillo,10/26/2022,"RB, ZR",Laser,4,21,32.66783,-117.24509,NA,1.18,2.07,-0.14,1.93,1.25,0.68,
AA,SS,SoCal,Cabrillo,10/26/2022,"RB, ZR",Laser,3,12,32.66776,-117.24507,NA,1.18,2.07,-0.14,1.93,0.85,1.08,
AA,SS,SoCal,Cabrillo,10/26/2022,"RB, ZR",Laser,2,10,32.66773,-117.24508,NA,1.18,2.07,-0.14,1.93,0.59,1.34,
AA,SS,SoCal,Cabrillo,10/26/2022,"RB, ZR",Laser,1,3,32.66748,-117.24507,NA,1.18,2.07,-0.14,1.93,0.9,1.03,
RB,SS,NorCal,Dillon Beach,06/16/2023,BM,Laser,5,24,38.25731,-122.97111,NA,1.80,2.43,-0.26,2.17,1.84,0.33,
RB,SS,NorCal,Dillon Beach,06/16/2023,BM,Laser,4,18,38.25724,-122.97106,NA,1.80,2.43,-0.26,2.17,1.43,0.74,
RB,SS,NorCal,Dillon Beach,06/16/2023,BM,Laser,3,12,38.25722,-122.97100,NA,1.80,2.43,-0.26,2.17,1.28,0.89,
RB,SS,NorCal,Dillon Beach,06/16/2023,BM,Laser,2,3,38.25720,-122.97093,NA,1.80,2.43,-0.26,2.17,0.84,1.33,
RB,SS,NorCal,Dillon Beach,06/16/2023,BM,Laser,1,1,38.25719,-122.97091,NA,1.80,2.43,-0.26,2.17,0.58,1.59,
RB,SS,NorCal,Moat Creek,06/18/2023,BM,Laser,5,22,38.88121,-123.67844,NA,1.28,NA,NA,2.61,0.18,2.43,Values on datasheet incorrect. Laser level top = 2.61 (calculated in field)
RB,SS,NorCal,Moat Creek,06/18/2023,BM,Laser,4,18,38.88117,-123.67840,NA,1.28,NA,NA,2.61,0.44,2.17,Values on datasheet incorrect. Laser level top = 2.61 (calculated in field)
RB,SS,NorCal,Moat Creek,06/18/2023,BM,Laser,3,16,38.88117,-123.67838,NA,1.28,NA,NA,2.61,0.84,1.77,Values on datasheet incorrect. Laser level top = 2.61 (calculated in field)
RB,SS,NorCal,Moat Creek,06/18/2023,BM,Laser,2,11,38.88123,-123.67832,NA,1.28,NA,NA,2.61,1.16,1.45,Values on datasheet incorrect. Laser level top = 2.61 (calculated in field)
RB,SS,NorCal,Moat Creek,06/18/2023,BM,Laser,1,8,38.88124,-123.67828,NA,1.28,NA,NA,2.61,1.08,1.53,Values on datasheet incorrect. Laser level top = 2.61 (calculated in field)
RB,SS,NorCal,Mussel Rock,06/23/2023,RB,Laser,5,22,40.34747,-124.36452,NA,1.23,3.04,-0.02,3.02,1.54,1.48,
RB,SS,NorCal,Mussel Rock,06/23/2023,RB,Laser,4,17,40.34744,-123.36446,NA,1.23,3.04,-0.02,3.02,0.94,2.08,
RB,SS,NorCal,Mussel Rock,06/23/2023,RB,Laser,3,7,40.34747,-123.36432,NA,1.23,3.04,-0.02,3.02,1.21,1.81,
RB,SS,NorCal,Mussel Rock,06/23/2023,RB,Laser,2,6,40.34748,-123.36430,NA,1.23,3.04,-0.02,3.02,1.3,1.72,
RB,SS,NorCal,Mussel Rock,06/23/2023,RB,Laser,1,5,40.34746,-123.36430,NA,1.23,3.04,-0.02,3.02,1.18,1.84,
RB,SS,NorCal,Sea Ranch,06/17/2023,CC,Laser,5,23,38.72425,-123.47919,NA,1.22,3.65,0.35,4,0.79,3.21,
RB,SS,NorCal,Sea Ranch,06/17/2023,CC,Laser,4,22,38.72476,-123.47922,NA,1.22,3.65,0.35,4,1.03,2.97,
RB,SS,NorCal,Sea Ranch,06/17/2023,CC,Laser,3,20,38.72477,-123.47922,NA,1.22,3.65,0.35,4,1.57,2.43,
RB,SS,NorCal,Sea Ranch,06/17/2023,CC,Laser,2,17,38.72479,-123.47923,NA,1.22,3.65,0.35,4,1.77,2.23,
RB,SS,NorCal,Sea Ranch,06/17/2023,CC,Laser,1,15,38.72480,-123.47925,NA,1.22,3.65,0.35,4,1.7,2.3,
RB,SS,NorCal,Mendocino North,06/19/2023,BM,Laser,5,25,40.39698,-124.37952,NA,1.18,1.29,NA,2.79,1.04,1.75,Referenced to 1.5m logger
RB,SS,NorCal,Mendocino North,06/19/2023,BM,Laser,4,23,40.39697,-124.37947,NA,1.18,1.29,NA,2.79,1.88,0.91,Referenced to 1.5m logger
RB,SS,NorCal,Mendocino North,06/19/2023,BM,Laser,3,17,40.39693,-124.37945,NA,1.18,1.29,NA,2.79,1.12,1.67,Referenced to 1.5m logger
RB,SS,NorCal,Mendocino North,06/19/2023,BM,Laser,2,13,40.39688,-124.37940,NA,1.18,1.29,NA,2.79,1.42,1.37,Referenced to 1.5m logger
RB,SS,NorCal,Mendocino North,06/19/2023,BM,Laser,1,8,40.39686,-124.37942,NA,1.18,1.29,NA,2.79,1.44,1.35,Referenced to 1.5m logger
RB,SS,NorCal,Mendocino South,6/20/2023,BM,Laser,5,25,40.39528,-124.37623,NA,1.17,1.99,NA,2.99,2.37,0.62,Referenced to 1.0m logger
RB,SS,NorCal,Mendocino South,6/20/2023,BM,Laser,4,24,40.39529,-124.37623,NA,1.17,1.99,NA,2.99,1.91,1.08,Referenced to 1.0m logger
RB,SS,NorCal,Mendocino South,6/20/2023,BM,Laser,3,15,40.39525,-124.37614,NA,1.17,1.99,NA,2.99,1.41,1.58,Referenced to 1.0m logger
RB,SS,NorCal,Mendocino South,6/20/2023,BM,Laser,2,6,40.39522,-124.37608,NA,1.17,1.99,NA,2.99,1.49,1.5,Referenced to 1.0m logger
RB,SS,NorCal,Mendocino South,6/20/2023,BM,Laser,1,0,40.39513,-124.37609,NA,1.17,1.99,NA,2.99,2.03,0.96,Referenced to 1.0m logger
JR,RB,SoCal,Dana Point,4/4/2023,CC,Laser,5,22,33.45988,-117.71513,NA,1.1,2.41,0.02,2.43,0.86,0.79,
JR,RB,SoCal,Dana Point,4/4/2023,CC,Laser,4,17,33.45987,-117.71516,NA,1.1,2.41,0.02,2.43,1.07,1.36,
JR,RB,SoCal,Dana Point,4/4/2023,CC,Laser,3,8,33.45978,-117.71519,NA,1.1,2.41,0.02,2.43,1.39,1.04,
JR,RB,SoCal,Dana Point,4/4/2023,CC,Laser,2,5,33.45975,-117.71519,NA,1.1,2.41,0.02,2.43,1.54,0.89,
JR,RB,SoCal,Dana Point,4/4/2023,CC,Laser,1,1,33.45971,-117.71521,NA,1.1,2.41,0.02,2.43,1.41,1.02,
SS,KS,SoCal,Little Corona,4/5/2023,RB,Laser,5,18,33.58909,-117.86859,NA,1.25,0.09,2.58,2.67,1.23,1.44,
SS,KS,SoCal,Little Corona,4/5/2023,RB,Laser,4,14,33.58908,-117.86849,NA,1.25,0.09,2.58,2.67,1.27,1.4,
SS,KS,SoCal,Little Corona,4/5/2023,RB,Laser,3,13,33.58907,-117.86852,NA,1.25,0.09,2.58,2.67,1.12,1.55,
SS,KS,SoCal,Little Corona,4/5/2023,RB,Laser,2,5,33.58899,-117.86848,NA,1.25,0.09,2.58,2.67,0.34,2.33,
SS,KS,SoCal,Little Corona,4/5/2023,RB,Laser,1,4,33.58899,-117.86846,NA,1.25,0.09,2.58,2.67,0.87,1.8,
SS,KS,SoCal,Cardiff,4/18/2023,RB,Laser,5,19,32.99995,-117.27863,NA,1.07,2.11,-0.01,2.1,0.82,1.28,
SS,KS,SoCal,Cardiff,4/18/2023,RB,Laser,4,10,32.99990,-117.27868,NA,1.07,2.11,-0.01,2.1,0.89,1.21,
SS,KS,SoCal,Cardiff,4/18/2023,RB,Laser,3,9,32.99990,-117.27868,NA,1.07,2.11,-0.01,2.1,0.97,1.13,
SS,KS,SoCal,Cardiff,4/18/2023,RB,Laser,2,6,32.99989,-117.27869,NA,1.07,2.11,-0.01,2.1,0.99,1.11,
SS,KS,SoCal,Cardiff,4/18/2023,RB,Laser,1,4,32.99987,-117.27866,NA,1.07,2.11,-0.01,2.1,1.31,0.79,
JR,SR,SoCal,Crystal Cove,4/17/2023,CC,Laser,5,23,33.56868,-117.83592,NA,1.33,2.43,-0.12,2.31,1.14,1.17,Loggers removed at 2:45
JR,SR,SoCal,Crystal Cove,4/17/2023,CC,Laser,4,20,33.56866,-117.83592,NA,1.33,2.43,-0.12,2.31,1.2,1.11,"In GPS, each pt.  added as ""CC#S"""
JR,SR,SoCal,Crystal Cove,4/17/2023,CC,Laser,3,16,33.56863,-117.83588,NA,1.33,2.43,-0.12,2.31,1.29,1.02,
JR,SR,SoCal,Crystal Cove,4/17/2023,CC,Laser,2,8,33.56861,-117.83579,NA,1.33,2.43,-0.12,2.31,0.43,1.88,
JR,SR,SoCal,Crystal Cove,4/17/2023,CC,Laser,1,4,33.56863,-117.83517,NA,1.33,2.43,-0.12,2.31,0.6,1.71,
SS,EN,SoCal,Victoria Beach,4/15/2023,"RB, KR",Laser,5,24,33.51981,-117.76454,NA,1.33,2.83,-0.19,2.64,1.29,1.35,
SS,EN,SoCal,Victoria Beach,4/15/2023,"RB, KR",Laser,4,16,33.51973,-117.76451,NA,1.33,2.83,-0.19,2.64,0.67,1.97,
SS,EN,SoCal,Victoria Beach,4/15/2023,"RB, KR",Laser,3,10,33.51970,-117.76447,NA,1.33,2.83,-0.19,2.64,0.8,1.84,
SS,EN,SoCal,Victoria Beach,4/15/2023,"RB, KR",Laser,2,3,33.51968,-117.64910,NA,1.33,2.83,-0.19,2.64,1.01,1.63,
SS,EN,SoCal,Victoria Beach,4/15/2023,"RB, KR",Laser,1,1,33.51969,-117.76473,NA,1.33,2.83,-0.19,2.64,1.11,1.53,
SS,KS,SoCal,Goff Island,4/11/2023,CC,Laser,5,23,33.51387,-117.76048,NA,1.09,2.23,NA,3.23,0.95,2.28,2.23 is Laser Level to 1m logger
SS,KS,SoCal,Goff Island,4/11/2023,CC,Laser,4,21,33.51385,-117.76048,NA,1.09,2.23,NA,3.23,0.77,2.46,
SS,KS,SoCal,Goff Island,4/11/2023,CC,Laser,3,19,33.51384,-117.76046,NA,1.09,2.23,NA,3.23,0.89,2.34,
SS,KS,SoCal,Goff Island,4/11/2023,CC,Laser,2,18,33.51385,-117.76044,NA,1.09,2.23,NA,3.23,1.27,1.96,
SS,KS,SoCal,Goff Island,4/11/2023,CC,Laser,1,12,33.51382,-117.76045,NA,1.09,2.23,NA,3.23,1.11,2.12,
SS,KS,SoCal,Scripps,4/14/2023,RB,Laser,5,25,32.87133,-117.25329,NA,1.35,2.9,-0.14,2.76,0.52,2.24,-0.14 @ 12:54 pm; logger pulled at 12:45
SS,RB,SoCal,Scripps,4/14/2023,RB,Laser,4,24,32.87136,-117.25330,NA,1.35,2.9,-0.14,2.76,0.74,2.02,
SS,RB,SoCal,Scripps,4/14/2023,RB,Laser,3,13,32.87128,-117.25338,NA,1.35,2.9,-0.14,2.76,1.34,1.42,
SS,RB,SoCal,Scripps,4/14/2023,RB,Laser,2,11,32.87127,-117.25339,NA,1.35,2.9,-0.14,2.76,1.56,1.2,
SS,RB,SoCal,Scripps,4/14/2023,RB,Laser,1,9,32.87124,-117.25340,NA,1.35,2.9,-0.14,2.76,0.93,1.83,
SS,RB,SoCal,Cabrillo,4/13/2023,RB,Laser,5,21,32.66784,-117.24511,NA,1.3,1.93,-0.1,1.83,1.22,0.61,
SS,RB,SoCal,Cabrillo,4/13/2023,RB,Laser,4,6,32.66772,-117.24507,NA,1.3,1.93,-0.1,1.83,0.62,1.21,
SS,RB,SoCal,Cabrillo,4/13/2023,RB,Laser,3,5,32.66710,-117.24508,NA,1.3,1.93,-0.1,1.83,0.77,1.06,
SS,RB,SoCal,Cabrillo,4/13/2023,RB,Laser,2,4,32.66769,-117.24508,NA,1.3,1.93,-0.1,1.83,0.89,0.94,
SS,RB,SoCal,Cabrillo,4/13/2023,RB,Laser,1,1,32.66766,-117.24508,NA,1.3,1.93,-0.1,1.83,1.04,0.79,
SS,RB,SoCal,Swami's,4/6/2023,"CC,JSK",Laser,5,15,33.03543,-117.29454,NA,1.04,1.33,NA,2.33,1.07,1.26,1.33 m = LL to Logger; Laser level to logger
SS,RB,SoCal,Swami's,4/6/2023,"CC,JSK",Laser,4,13,33.03542,-117.29453,NA,1.04,1.33,NA,2.33,1.06,1.27,Laser level to logger
SS,RB,SoCal,Swami's,4/6/2023,"CC,JSK",Laser,3,12,33.03542,-117.29451,NA,1.04,1.33,NA,2.33,1.08,1.25,Laser level to logger
SS,RB,SoCal,Swami's,4/6/2023,"CC,JSK",Laser,2,1,33.03517,-117.29436,NA,1.04,1.33,NA,2.33,1.17,1.16,Laser level to logger
SS,RB,SoCal,Swami's,4/6/2023,"CC,JSK",Laser,1,0,33.03518,-117.29441,NA,1.04,1.33,NA,2.33,1.15,1.18,Laser level to logger
SS,SR,SoCal,Heisler Park,4/10/2023,"RB,JR",Laser,5,17,33.05190,-117.29400,NA,1.16,3.36,0.12,3.48,1.09,2.39,
SS,SR,SoCal,Heisler Park,4/10/2023,"RB,JR",Laser,4,13,33.54242,-117.78925,NA,1.16,3.36,0.12,3.48,1.01,2.47,
SS,SR,SoCal,Heisler Park,4/10/2023,"RB,JR",Laser,3,12,33.54242,-117.78925,NA,1.16,3.36,0.12,3.48,1.32,2.16,
SS,SR,SoCal,Heisler Park,4/10/2023,"RB,JR",Laser,2,10,33.54239,-117.78922,NA,1.16,3.36,0.12,3.48,1.38,2.1,
SS,SR,SoCal,Heisler Park,4/10/2023,"RB,JR",Laser,1,1,33.54243,-117.78922,NA,1.16,3.36,0.12,3.48,1.51,1.97,
SS,KS,SoCal,Shaw's Cove,4/2/2023,CC,Laser,5,25,33.34475,-117.79972,NA,1.32,2.53,0.05,2.58,0.92,1.66,
SS,KS,SoCal,Shaw's Cove,4/2/2023,CC,Laser,4,17,33.54476,-117.79964,NA,1.32,2.53,0.05,2.58,0.8,1.78,
SS,KS,SoCal,Shaw's Cove,4/2/2023,CC,Laser,3,14,33.54474,-117.79955,NA,1.32,2.53,0.05,2.58,1.18,1.4,
SS,KS,SoCal,Shaw's Cove,4/2/2023,CC,Laser,2,2,33.54482,-117.79951,NA,1.32,2.53,0.05,2.58,0.29,2.29,
SS,KS,SoCal,Shaw's Cove,4/2/2023,CC,Laser,1,0,33.45978,-117.71518,NA,1.32,2.53,0.05,2.58,0.12,2.46,
SS,RB,Baja,La Chorera Norte,5/16/2023,"CC, JL",Laser,5,20,30.47476,-116.04768,NA,1.25,NA,NA,3.03,1.35,1.68,Laser level to logger
SS,RB,Baja,La Chorera Norte,5/16/2023,"CC, JL",Laser,4,16,30.47477,-116.04766,NA,1.25,NA,NA,3.03,1.72,1.31,Top at 2.8 m; Laser level to logger
SS,RB,Baja,La Chorera Norte,5/16/2023,"CC, JL",Laser,3,12,30.47474,-116.04763,NA,1.25,NA,NA,3.03,1.02,2.01,Top at 0.2 m; Laser level to logger
SS,RB,Baja,La Chorera Norte,5/16/2023,"CC, JL",Laser,2,11,30.47473,-116.04762,NA,1.25,NA,NA,3.03,1.17,1.86,Laser level to logger
SS,RB,Baja,La Chorera Norte,5/16/2023,"CC, JL",Laser,1,1,30.47468,-116.04762,NA,1.25,NA,NA,3.03,1.18,1.85,Laser level to logger
SS,RB,Baja,San Miguel,5/9/2023,"CC, JL",Laser,5,24,31.90185,-116.72759,NA,1.35,2.71,-0.05,2.66,1.47,1.19,
SS,RB,Baja,San Miguel,5/9/2023,"CC, JL",Laser,4,21,31.90187,-116.72756,NA,1.35,2.71,-0.05,2.66,1.06,1.6,Top at 2.25 m
SS,RB,Baja,San Miguel,5/9/2023,"CC, JL",Laser,3,19,31.90188,-116.72755,NA,1.35,2.71,-0.05,2.66,1.21,1.45,Top at 1.60 m
SS,RB,Baja,San Miguel,5/9/2023,"CC, JL",Laser,2,15,31.90188,-116.72750,NA,1.35,2.71,-0.05,2.66,0.75,1.91,
SS,RB,Baja,San Miguel,5/9/2023,"CC, JL",Laser,1,7,31.90193,-116.72747,NA,1.35,2.71,-0.05,2.66,1.48,1.18,
SS,SR,Baja,Saldamando,5/10/2023,"CC, JL",Laser,5,25,31.92848,-116.75745,NA,1.28,2,NA,3,0.69,2.31,Laser level to logger (add 1 to 2.0 m)
SS,SR,Baja,Saldamando,5/10/2023,"CC, JL",Laser,4,17,31.92842,-116.75542,NA,1.28,2,NA,3,1.64,1.36,Laser level to logger; Top at 0.8 m
SS,SR,Baja,Saldamando,5/10/2023,"CC, JL",Laser,3,14,31.92838,-116.75542,NA,1.28,2,NA,3,1.49,1.51,Laser level to logger; Top at 3.50 m
SS,SR,Baja,Saldamando,5/10/2023,"CC, JL",Laser,2,11,31.92837,-116.75540,NA,1.28,2,NA,3,1.61,1.39,Laser level to logger
SS,SR,Baja,Saldamando,5/10/2023,"CC, JL",Laser,1,10,31.92839,-116.75533,NA,1.28,2,NA,3,1.57,1.43,Laser level to logger
SS,EN,Baja,Punta Morro,5/8/2023,RB,Laser,5,24,31.86510,-116.66794,NA,1.34,1.17,NA,2.17,0.78,1.39,Laser level to logger
SS,EN,Baja,Punta Morro,5/8/2023,RB,Laser,4,20,31.86151,-116.66792,NA,1.34,1.17,NA,2.17,1.48,0.69,Laser level to logger; top at 1.48 m; re-survey TH= 1.02
SS,EN,Baja,Punta Morro,5/8/2023,RB,Laser,3,15,31.86152,-116.66785,NA,1.34,1.17,NA,2.17,0.84,1.33,Laser level to logger; top at 11.60 m
SS,EN,Baja,Punta Morro,5/8/2023,RB,Laser,2,11,31.86151,-116.66782,NA,1.34,1.17,NA,2.17,1.12,1.05,Laser level to logger
SS,EN,Baja,Punta Morro,5/8/2023,RB,Laser,1,6,31.86149,-116.66778,NA,1.34,1.17,NA,2.17,1.3,0.87,Laser level to logger
SS,EN,Baja,Campo Kennedy,5/11/2023,"CC, JL",Laser,5,24,31.70262,-116.68339,NA,1.38,1.3,NA,2.3,0.93,1.37,Laser level to logger; top @ 0.47 m
SS,EN,Baja,Campo Kennedy,5/11/2023,"CC, JL",Laser,4,21,31.70258,-116.68337,NA,1.38,1.3,NA,2.3,1.02,1.28,Laser level to logger
SS,EN,Baja,Campo Kennedy,5/11/2023,"CC, JL",Laser,3,16,31.70258,-116.68331,NA,1.38,1.3,NA,2.3,0.97,1.33,Laser level to logger
SS,EN,Baja,Campo Kennedy,5/11/2023,"CC, JL",Laser,2,9,31.70257,-116.68324,NA,1.38,1.3,NA,2.3,1.3,1,Laser level to logger
SS,EN,Baja,Campo Kennedy,5/11/2023,"CC, JL",Laser,1,3,31.70258,-116.68307,NA,1.38,1.3,NA,2.3,1.33,0.97,Laser level to logger
SS,RB,Baja,La Chorera,5/15/2023,"CC, JL",Laser,5,14,30.45957,-116.03802,NA,1.32,1.49,NA,2.99,1.03,1.96,Laser level to logger (1.5  logger)
SS,RB,Baja,La Chorera,5/15/2023,"CC, JL",Laser,4,13,30.45957,-116.03805,NA,1.32,1.49,NA,2.99,1.07,1.92,Laser level to logger
SS,RB,Baja,La Chorera,5/15/2023,"CC, JL",Laser,3,9,30.45954,-116.03803,NA,1.32,1.49,NA,2.99,1.16,1.83,Laser level to logger
SS,RB,Baja,La Chorera,5/15/2023,"CC, JL",Laser,2,8,30.45952,-116.03802,NA,1.32,1.49,NA,2.99,1.05,1.94,Laser level to logger
SS,RB,Baja,La Chorera,5/15/2023,"CC, JL",Laser,1,3,30.45950,-116.03804,NA,1.32,1.49,NA,2.99,1.58,1.41,Laser level to logger
SS,SR,SoCal,Heisler Park,10/16/2023,RAB,Laser,5,18,33.54245,-117.78931,NA,1.16,3.13,0.05,3.18,1.06,2.12,
SS,SR,SoCal,Heisler Park,10/16/2023,RAB,Laser,4,17,33.54245,-117.78930,NA,1.16,3.13,0.05,3.18,0.95,2.23,
SS,SR,SoCal,Heisler Park,10/16/2023,RAB,Laser,3,14,33.54243,-117.78928,NA,1.16,3.13,0.05,3.18,1.23,1.95,
SS,SR,SoCal,Heisler Park,10/16/2023,RAB,Laser,2,12,33.54241,-117.78927,NA,1.16,3.13,0.05,3.18,1.43,1.75,
SS,SR,SoCal,Heisler Park,10/16/2023,RAB,Laser,1,11,33.54241,-117.78927,NA,1.16,3.13,0.05,3.18,1.46,1.72,
SS,AM,SoCal,Swami's,10/18/2023,RB,Laser,5,15,33.03542,-117.29450,NA,0.98,2.33,0.09,2.42,1.05,1.37,
SS,AM,SoCal,Swami's,10/18/2023,RB,Laser,4,14,33.03542,-117.29450,NA,0.98,2.33,0.09,2.42,1.05,1.37,
SS,AM,SoCal,Swami's,10/18/2023,RB,Laser,3,11,33.03540,-117.29449,NA,0.98,2.33,0.09,2.42,1.14,1.28,
SS,AM,SoCal,Swami's,10/18/2023,RB,Laser,2,6,33.03536,-117.29445,NA,0.98,2.33,0.09,2.42,1.47,0.95,
SS,AM,SoCal,Swami's,10/18/2023,RB,Laser,1,3,33.03519,-117.29936,NA,0.98,2.33,0.09,2.42,1.03,1.39,
SS,KS,SoCal,Dana Point,9/30/2023,SS,Laser,5,23,33.45992,-117.71510,NA,1,2.19,0.14,2.33,0.93,1.4,
SS,KS,SoCal,Dana Point,9/30/2023,SS,Laser,4,20,33.45988,-117.71513,NA,1,2.19,0.14,2.33,0.96,1.37,
SS,KS,SoCal,Dana Point,9/30/2023,SS,Laser,3,14,33.45982,-117.71518,NA,1,2.19,0.14,2.33,1.19,1.14,
SS,KS,SoCal,Dana Point,9/30/2023,SS,Laser,2,11,33.45982,-117.75180,NA,1,2.19,0.14,2.33,0.99,1.34,
SS,KS,SoCal,Dana Point,9/30/2023,SS,Laser,1,2,33.45973,-117.71520,NA,1,2.19,0.14,2.33,1.32,1.01,
SS,AM,SoCal,Victoria Beach,10/01/2023,RB,Laser,5,22,33.51979,-117.76453,NA,1.28,2.23,0.26,2.49,0.93,1.56,
SS,AM,SoCal,Victoria Beach,10/01/2023,RB,Laser,4,17,33.51974,-117.76450,NA,1.28,2.23,0.26,2.49,0.74,1.75,
SS,AM,SoCal,Victoria Beach,10/01/2023,RB,Laser,3,7,33.51967,-117.76443,NA,1.28,2.23,0.26,2.49,0.94,1.55,
SS,AM,SoCal,Victoria Beach,10/01/2023,RB,Laser,2,3,33.51968,-117.76441,NA,1.28,2.23,0.26,2.49,1.02,1.47,
SS,AM,SoCal,Victoria Beach,10/01/2023,RB,Laser,1,2,33.51967,-117.76438,NA,1.28,2.23,0.26,2.49,1.11,1.38,
SS,AM,SoCal,Goff Island,10/02/2023,RB,Laser,5,22,33.51384,-117.76049,NA,1.24,2.66,0.08,2.74,0.92,1.82,
SS,AM,SoCal,Goff Island,10/02/2023,RB,Laser,4,17,33.51382,-117.76045,NA,1.24,2.66,0.08,2.74,0.85,1.89,
SS,AM,SoCal,Goff Island,10/02/2023,RB,Laser,3,15,33.51381,-117.76044,NA,1.24,2.66,0.08,2.74,0.87,1.87,
SS,AM,SoCal,Goff Island,10/02/2023,RB,Laser,2,11,33.51377,-117.76043,NA,1.24,2.66,0.08,2.74,1.08,1.66,
SS,AM,SoCal,Goff Island,10/02/2023,RB,Laser,1,10,33.51377,-117.76044,NA,1.24,2.66,0.08,2.74,0.97,1.77,
SS,SR,SoCal,Shaw's Cove,10/17/2023,RB,Laser,5,22,33.54475,-117.79975,NA,1.21,2.36,0.05,2.41,1.11,1.3,
SS,SR,SoCal,Shaw's Cove,10/17/2023,RB,Laser,4,19,33.54477,-117.79971,NA,1.21,2.36,0.05,2.41,1.26,1.15,
SS,SR,SoCal,Shaw's Cove,10/17/2023,RB,Laser,3,10,33.54478,-117.79963,NA,1.21,2.36,0.05,2.41,1.27,1.14,
SS,SR,SoCal,Shaw's Cove,10/17/2023,RB,Laser,2,7,33.54480,-117.79959,NA,1.21,2.36,0.05,2.41,0.8,1.61,
SS,SR,SoCal,Shaw's Cove,10/17/2023,RB,Laser,1,5,33.54483,-117.79960,NA,1.21,2.36,0.05,2.41,0.57,1.84,
SS,AM,SoCal,Cardiff,10/26/2023,RB,Laser,5,23,32.99998,-117.27855,NA,1.23,1.59,NA,2.09,0.89,1.2,Laser to 0.5m logger
SS,AM,SoCal,Cardiff,10/26/2023,RB,Laser,4,12,32.99990,-117.27861,NA,1.23,1.59,NA,2.09,0.91,1.18,Laser to 0.5m logger
SS,AM,SoCal,Cardiff,10/26/2023,RB,Laser,3,8,32.99988,-117.27865,NA,1.23,1.59,NA,2.09,0.95,1.14,Laser to 0.5m logger
SS,AM,SoCal,Cardiff,10/26/2023,RB,Laser,2,5,32.99987,-117.27868,NA,1.23,1.59,NA,2.09,1.03,1.06,Laser to 0.5m logger
SS,AM,SoCal,Cardiff,10/26/2023,RB,Laser,1,0,32.99986,-117.27867,NA,1.23,1.59,NA,2.09,1.19,0.9,Laser to 0.5m logger
SS,EN,SoCal,Little Corona,10/28/2023,"HW, KS",Laser,5,16,33.58908,-117.86849,NA,NA,2.47,0,2.47,1.05,1.42,
SS,EN,SoCal,Little Corona,10/28/2023,"HW, KS",Laser,4,13,33.58905,-117.86848,NA,NA,2.47,0,2.47,1.14,1.33,
SS,EN,SoCal,Little Corona,10/28/2023,"HW, KS",Laser,3,6,33.58902,-117.86844,NA,NA,2.47,0,2.47,0.33,2.14,
SS,EN,SoCal,Little Corona,10/28/2023,"HW, KS",Laser,2,4,33.58902,-117.86842,NA,NA,2.47,0,2.47,0.97,1.5,
SS,EN,SoCal,Little Corona,10/28/2023,"HW, KS",Laser,1,3,33.58901,-117.86839,NA,NA,2.47,0,2.47,0.77,1.7,
SS,SR,SoCal,Crystal Cove,10/27/2023,RB,Laser,5,23,33.56867,-117.83586,NA,NA,2.05,NA,3.05,1.64,1.41,Laser to 1 m logger; loggers removed at 3:00 pm
SS,SR,SoCal,Crystal Cove,10/27/2023,RB,Laser,4,18,33.56865,-117.83583,NA,NA,2.05,NA,3.05,1.73,1.32,Laser to 1 m logger
SS,SR,SoCal,Crystal Cove,10/27/2023,RB,Laser,3,9,33.56862,-117.83579,NA,NA,2.05,NA,3.05,1.41,1.64,Laser to 1 m logger
SS,SR,SoCal,Crystal Cove,10/27/2023,RB,Laser,2,4,33.56857,-117.83572,NA,NA,2.05,NA,3.05,1,2.05,Laser to 1 m logger
SS,SR,SoCal,Crystal Cove,10/27/2023,RB,Laser,1,0,33.56856,-117.83572,NA,NA,2.05,NA,3.05,1.88,1.17,Laser to 1 m logger
SS,KS,SoCal,Scripps,10/29/2023,RB,Laser,5,17,32.87131,-117.25335,NA,0.99,1.45,NA,2.45,1.18,1.27,Laser to 1m logger
SS,KS,SoCal,Scripps,10/29/2023,RB,Laser,4,16,32.87132,-117.25335,NA,0.99,1.45,NA,2.45,0.93,1.52,Laser to 1m logger
SS,KS,SoCal,Scripps,10/29/2023,RB,Laser,3,15,32.87127,-117.25336,NA,0.99,1.45,NA,2.45,0.99,1.46,Laser to 1m logger
SS,KS,SoCal,Scripps,10/29/2023,RB,Laser,2,11,32.87126,-117.25338,NA,0.99,1.45,NA,2.45,0.88,1.57,Laser to 1m logger
SS,KS,SoCal,Scripps,10/29/2023,RB,Laser,1,9,32.87113,-117.25339,NA,0.99,1.45,NA,2.45,1.25,1.2,Laser to 1m logger
SS,EN,SoCal,Cabrillo,10/30/2023,RB,Laser,5,25,32.66785,-117.24507,NA,1.33,2.18,-0.19,1.99,1.05,0.94,
SS,EN,SoCal,Cabrillo,10/30/2023,RB,Laser,4,9,32.66775,-117.24507,NA,1.33,2.18,-0.19,1.99,0.82,1.17,
SS,EN,SoCal,Cabrillo,10/30/2023,RB,Laser,3,8,32.66773,-117.24509,NA,1.33,2.18,-0.19,1.99,0.67,1.32,
SS,EN,SoCal,Cabrillo,10/30/2023,RB,Laser,2,5,32.66771,-117.24508,NA,1.33,2.18,-0.19,1.99,0.73,1.26,
SS,EN,SoCal,Cabrillo,10/30/2023,RB,Laser,1,0,32.66769,-117.24505,NA,1.33,2.18,-0.19,1.99,1.11,0.88,